19.714,15.543,4,3.0392,204,155,1.5403,1.4918,81.388,57.4,0
18.724,14.528,3.5098,2.5686,179,131,1.4918,1.3402,77.356,53.225,0
18.976,14.568,4.2353,2.7647,216,141,1.5921,1.3714,78.033,53.036,0
19.104,14.758,3.5882,2.7059,183,138,1.4749,1.4569,78.637,54.764,0
19.341,14.852,3.6078,2.6275,184,134,1.4847,1.4305,78.213,54.055,0
19.471,14.918,4.2941,3.1569,219,161,1.5885,1.5423,80.315,55.984,0
19.146,14.971,3.6078,2.9216,184,149,1.5064,1.4491,78.652,54.821,0
19.601,15.214,3.7059,2.7059,189,138,1.5087,1.4182,81.448,56.675,0
19.796,14.409,3.8824,2.5882,198,132,1.6235,1.3415,82.625,52.536,0
19.169,14.353,3.6471,2.549,186,130,1.5139,1.3787,79.105,52.508,0
19.5,14.684,3.1961,2.6667,163,136,1.4372,1.3486,80.004,53.944,0
19.402,14.836,3.549,2.7843,181,142,1.5225,1.5553,79.537,54.9,0
19.761,15.091,3.1765,2.5882,162,132,1.4688,1.3718,81.071,55.547,0
20.833,14.937,4.1765,3,213,153,1.7092,1.4367,86.877,55.837,0
18.997,15.005,3.098,2.5686,158,131,1.4455,1.4945,79.064,56.271,0
19.782,14.964,3.2941,2.549,168,130,1.5262,1.4693,81.95,54.599,0
19.145,14.492,3.2353,2.2745,165,116,1.4372,1.3237,78.962,53.176,0
19.09,14.653,3.1176,2.1373,159,109,1.4491,1.3222,79.193,54.594,0
19.275,14.985,2.7647,2.3529,141,120,1.4253,1.4058,79.117,54.644,0
19.188,14.549,3.1373,2.0784,160,106,1.4466,1.2829,78.376,52.93,0
19.081,14.76,2.9412,2.0392,150,104,1.425,1.3187,78.169,54.445,0
19.264,15.207,3.5098,2.4314,179,124,1.4798,1.4078,78.404,55.414,0
19.341,14.571,3.6275,1.7255,185,88,1.5236,1.2327,79.424,52.799,0
18.994,14.413,3.6275,1.9608,185,100,1.5372,1.3749,78.428,53.62,0
19.214,14.892,3.7451,2.3137,191,118,1.5361,1.4044,78.628,53.357,0
19.057,14.297,3.7451,2.5098,191,128,1.4985,1.3702,77.749,52.183,0
18.451,13.794,3.4118,2.098,174,107,1.4727,1.2664,75.752,49.539,0
19.088,14.603,3.8039,2.2353,194,114,1.5231,1.4548,78.988,53.24,0
19.222,14.85,3.6275,3.0196,185,154,1.5041,1.4776,80.015,54.637,0
19.034,14.408,3.7255,2.7843,190,142,1.5869,1.5211,78.085,53.228,0
19.106,14.673,3.4902,2.2157,178,113,1.4548,1.2714,78.508,53.94,0
19.143,14.838,3.549,2.6275,181,134,1.4655,1.4672,78.773,53.969,0
19.083,14.66,3.3725,2.549,172,130,1.5131,1.4071,78.617,54.371,0
18.686,14.528,3.5098,2.5294,179,129,1.4868,1.3212,77.375,52.792,0
18.992,14.898,3.6471,2.8431,186,145,1.4911,1.5153,77.311,54.593,0
19.171,14.721,4.2157,2.6275,215,134,1.5695,1.4537,78.754,54.024,0
19.016,14.509,3.6667,2.6667,187,136,1.5075,1.3415,78.459,53.387,0
19.079,14.617,3.6471,2.6471,186,135,1.4893,1.524,79.027,53.443,0
19.164,14.33,4.2353,2.549,216,130,1.6228,1.3588,79.985,52.047,0
20.341,14.489,4.3137,2.4706,220,126,1.6407,1.3406,85.683,52.967,0
19.848,14.57,3.9804,2.8431,203,145,1.5986,1.4774,82.415,53.236,0
19.575,14.53,3.7059,2.7059,189,138,1.5412,1.3876,80.616,52.482,0
19.366,14.595,3.6667,2.4902,187,127,1.4877,1.3132,79.401,53.483,0
19.551,14.584,4.0196,2.7059,205,138,1.5458,1.5098,81.657,53.839,0
19.062,14.422,3.8431,2.8235,196,144,1.5724,1.3718,79.005,52.25,0
19.38,14.482,3.9608,2.6078,202,133,1.5895,1.3508,80.271,53.048,0
19.89,14.621,3.8824,2.8431,198,145,1.5175,1.4101,82.273,54.062,0
19.588,14.75,3.9608,2.7451,202,140,1.5392,1.5009,81.588,53.951,0
19.433,14.142,3.8824,2.5686,198,131,1.5319,1.4372,79.943,51.737,0
19.36,14.605,3.5882,2.4902,183,127,1.4914,1.309,79.276,54.087,0
18.843,15.095,3.8431,2.8824,196,147,1.5389,1.5588,77.573,55.493,0
19.509,14.707,3.8824,2.8627,198,146,1.5307,1.5051,80.909,54.902,0
19.424,14.431,3.8431,2.4902,196,127,1.5374,1.3698,80.592,53.313,0
19.307,14.763,3.5882,2.7451,183,140,1.5062,1.4058,78.518,53.421,0
19.234,14.651,3.902,2.8824,199,147,1.5444,1.4886,77.673,53.123,0
19.343,14.704,3.8039,2.5882,194,132,1.5081,1.3555,79.578,53.408,0
18.904,15.034,3.549,2.7059,181,138,1.5083,1.5303,78.582,55.859,0
19.136,14.801,3.8824,2.6863,198,137,1.5348,1.4407,78.813,53.953,0
18.461,14.416,3.1765,2.5098,162,128,1.4334,1.3351,74.98,52.697,0
18.931,14.964,3.6471,2.9412,186,150,1.5381,1.4969,78.784,54.979,0
20.399,14.92,4.098,2.8235,209,144,1.5685,1.4117,85.133,55.119,0
20.027,14.38,4.0196,2.6275,205,134,1.5882,1.3983,83.034,53.706,0
18.543,14.583,3.6275,2.6667,185,136,1.5244,1.3862,76.156,54.618,0
19.008,14.796,3.4118,2.5294,174,129,1.4652,1.4378,77.264,53.511,0
19.011,14.611,3.1961,2.6275,163,134,1.469,1.4564,78.121,55.31,0
18.968,14.97,3.9608,2.1373,202,109,1.5687,1.2714,78.763,55.262,0
19.315,15.207,3.5686,2.3137,182,118,1.5378,1.3563,80.199,56.13,0
19.326,14.421,3.549,2.0196,181,103,1.5787,1.2775,79.953,53.687,0
19.339,14.762,3.3725,2.098,172,107,1.4925,1.2994,79.781,53.946,0
19.252,14.747,3.3922,2.4902,173,127,1.4645,1.376,79.453,54.289,0
19.163,14.891,3.7451,1.9412,191,99,1.5472,1.2586,77.985,54.318,0
19.359,14.789,3,2.1373,153,109,1.498,1.2893,79.937,53.95,0
18.79,14.651,2.902,2,148,102,1.4117,1.2619,77.266,53.645,0
19.569,15.266,3.5294,2.6667,180,136,1.5143,1.5495,79.967,56.81,0
19.515,15.249,3.3922,2.1373,173,109,1.4769,1.3473,80.617,55.373,0
19.123,14.685,3.2941,2.2353,168,114,1.4929,1.4444,78.881,54.501,0
19.098,14.723,3.2941,1.8824,168,96,1.4938,1.2371,78.494,54.708,0
19.47,15.399,3.4314,2.549,175,130,1.5141,1.4934,80.516,56.648,0
19.271,14.814,3.4118,2.3529,174,120,1.4943,1.4017,79.112,54.038,0
19.225,14.722,2.9804,2.6275,152,134,1.4124,1.3424,79.389,53.887,0
19.289,15.409,3.3725,3.0392,172,155,1.4771,1.5933,79.082,57.277,0
19.188,14.552,3.2157,2.5882,164,132,1.4305,1.3891,80.753,53.661,0
19.382,14.508,3.6078,2.6078,184,133,1.5269,1.3374,81.126,52.712,0
19.552,14.895,3.5686,2.9804,182,152,1.5292,1.4847,80.265,54.558,0
19.223,14.989,3.6471,2.9412,186,150,1.5593,1.5381,79.325,55.489,0
19.516,14.861,4.3922,3.1373,224,160,1.5935,1.5576,81.137,55.861,0
19.657,14.876,3.8039,2.4118,194,123,1.5333,1.3027,81.486,54.994,0
19.664,14.638,4,2.549,204,130,1.5277,1.336,80.627,53.532,0
19.41,14.769,3.9216,2.8431,200,145,1.5509,1.3851,79.013,53.423,0
18.988,14.46,3.9804,2.902,203,148,1.6181,1.4727,78.26,52.815,0
19.353,14.589,3.8235,2.4118,195,123,1.5283,1.3027,79.433,53.097,0
19.441,14.66,3.9804,2.6471,203,135,1.5578,1.4361,79.274,53.525,0
19.119,15.335,3.4706,2.8627,177,146,1.4936,1.5131,78.569,57.066,0
19.149,14.778,3.902,2.7647,199,141,1.4993,1.3508,79.264,53.984,0
19.724,14.932,4.2941,3,219,153,1.6231,1.4774,82.133,55.52,0
19.19,14.716,3.8235,2.7843,195,142,1.5197,1.4256,77.773,53.673,0
19.135,15.13,3.8039,2.7843,194,142,1.5139,1.5,78.465,55.678,0
18.914,14.247,3.8627,2.549,197,130,1.5605,1.3197,77.685,52.237,0
19.566,14.906,4.098,2.8824,209,147,1.5701,1.4821,81.306,55.665,0
18.986,15.179,3.8627,3.2941,197,168,1.5169,1.5378,78.201,56.114,0
19.431,14.831,3.902,2.6275,199,134,1.5531,1.4387,80.549,55.068,0
19.284,14.509,3.7451,2.5294,191,129,1.5279,1.3232,78.743,52.472,0
19.503,14.684,3.9804,3.0196,203,154,1.5267,1.5356,80.004,54.654,0
19.305,15.181,3.8627,2.7255,197,139,1.5588,1.4588,79.61,55.663,0
18.949,14.541,3.8039,3,194,153,1.5147,1.5328,77.847,54.688,0
19.291,14.8,3.8039,2.549,194,130,1.5147,1.3415,78.914,54.276,0
19.604,14.946,3.902,2.8431,199,145,1.5476,1.4247,80.64,54.859,0
19.765,14.331,3.902,2.451,199,125,1.5922,1.3887,80.843,52.24,0
19.432,14.978,3.9412,3.2353,201,165,1.5465,1.5437,79.565,56.603,0
19.201,14.708,3.6863,2.6078,188,133,1.5303,1.3768,79.624,54.485,0
19.445,15.269,3.549,2.9804,181,152,1.5621,1.5418,79.395,56.785,0
19.319,15.137,3.6863,3.0784,188,157,1.5262,1.5637,79.66,55.707,0
19.387,14.901,3.9608,3.1569,202,161,1.5319,1.5462,80.747,56.083,0
19.635,14.382,3.6078,2.5686,184,131,1.4842,1.3429,80.951,53.605,0
19.605,14.776,3.451,2.6078,176,133,1.5017,1.4588,80.493,53.87,0
19.01,15.002,3.2549,2.7059,166,138,1.4505,1.4207,77.719,55.13,0
19.285,14.739,3.5098,2.8431,179,145,1.538,1.4572,79.287,55.409,0
19.071,14.575,3.3922,2.2745,173,116,1.4932,1.2887,78.375,53.366,0
18.929,15.123,3.1569,2.8627,161,146,1.4458,1.5159,77.636,55.475,0
19.556,14.634,3.9412,2.3333,201,119,1.6234,1.3182,80.704,53.199,0
19.054,14.24,3.1765,2.2941,162,117,1.4238,1.3005,78.758,51.543,0
19.189,14.9,2.6863,2.451,137,125,1.3843,1.3402,77.704,54.041,0
18.628,14.421,3.4118,2.3725,174,121,1.5363,1.3508,76.172,53.027,0
18.967,15.443,3.6667,2.549,187,130,1.5401,1.4432,77.914,56.774,0
18.807,14.569,3.451,2.2353,176,114,1.4703,1.4526,77.003,54.077,0
19.266,14.925,3.3529,2.0784,171,106,1.4598,1.2708,78.611,55.374,0
19.493,14.53,3.8627,2,197,102,1.5263,1.2977,79.975,53.057,0
18.865,14.756,3.4314,2.1569,175,110,1.5104,1.3725,77.473,54.362,0
19.088,14.429,3.549,2.0588,181,105,1.5149,1.2751,78.21,52.161,0
19.067,14.25,3.6471,2.3529,186,120,1.5139,1.3314,79.215,51.6,0
19.32,14.815,3.4314,2.5686,175,131,1.5441,1.4314,77.951,53.76,0
18.796,14.314,3.7843,2.3922,193,122,1.4949,1.3787,75.992,51.877,0
18.955,14.371,3.6275,2.3137,185,118,1.473,1.3053,77.557,52.524,0
19.126,14.701,3.6667,2.7451,187,140,1.5091,1.3976,77.698,53.817,0
19.283,14.839,3.9804,2.902,203,148,1.5581,1.5378,78.984,54.838,0
19.245,14.536,4,2.8824,204,147,1.5991,1.5058,78.254,53.971,0
19.035,14.423,3.4118,2.4706,174,126,1.4698,1.3406,78.225,53.48,0
19.149,14.91,3.5686,2.9216,182,149,1.5238,1.5469,77.412,54.548,0
18.801,14.413,3.9412,2.8039,201,143,1.571,1.3843,77.02,52.042,0
19.414,14.639,3.549,2.6471,181,135,1.473,1.3559,79.682,53.36,0
19.001,14.362,3.8431,2.6863,196,137,1.5481,1.4337,78.302,52.399,0
20.107,19.701,4.1176,4.1961,210,214,1.5505,1.8059,83.03,77.255,0
18.668,14.37,4.1176,2.3333,210,119,1.541,1.3482,75.883,51.524,0
3.7549,6.4956,0.7451,1.3529,38,69,0.97224,1.2533,7.9434,18.229,30
5.2431,9.1856,1.0392,1.3333,53,68,1.1559,1.1228,15.998,26.315,30
6.3941,8.0728,0.7451,1.2157,38,62,0.858,1.1178,17.194,22.156,30
4.4724,7.2569,0.72549,1.2745,37,65,0.99782,1.2116,10.293,19.745,30
4.0452,7.124,0.54902,1.3137,28,67,0.84949,1.0715,8.9585,19.575,30
5.4311,7.8897,0.76471,1.3922,39,71,0.89967,1.1702,13.068,22.557,30
5.6844,8.1344,0.82353,1.5098,42,77,0.92867,1.2612,13.486,23.012,30
5.6575,7.1831,0.96078,1.2549,49,64,1.0619,1.088,13.659,19.309,30
5.4139,7.3134,0.7451,1.1961,38,61,0.94605,1.0227,12.696,19.479,30
5.6443,7.9021,0.84314,1.451,43,74,0.95954,1.3021,13.429,21.598,30
4.9025,7.9843,0.90196,1.3725,46,70,1.0043,1.1228,11.116,22.231,30
5.699,7.5632,1.1176,1.3333,57,68,1.0807,1.1178,13.425,20.551,30
5.8019,7.8474,0.80392,1.4902,41,76,1.0187,1.1692,13.843,21.959,30
6.2224,7.5647,1.2157,1.1765,62,60,1.2429,1.0822,15.524,20.97,30
5.6422,7.4218,0.84314,1.1765,43,60,0.90646,1.0603,13.78,20.141,30
5.7027,8.0563,0.68627,1.451,35,74,0.90646,1.24,13.808,22.284,30
6.0379,7.5604,1.1373,1.3529,58,69,1.0822,1.2066,15.018,21.84,30
5.2335,7.7317,0.98039,1.3922,50,71,1.0246,1.1007,11.936,21.49,30
5.3762,8.0357,0.94118,1.2353,48,63,0.98189,1.0378,12.803,21.832,30
5.7247,7.7236,1.0392,1.451,53,74,1.1405,1.1276,14.392,21.072,30
5.4311,7.2885,0.7451,1.3922,38,71,0.8662,1.1114,12.805,19.593,30
6.1394,7.8562,1.1765,1.4706,60,75,1.1692,1.2149,15.608,22.231,30
6.0585,8.0302,0.88235,1.5098,45,77,0.97952,1.2775,14.856,22.636,30
5.2797,7.6015,0.76471,1.1961,39,61,0.92563,1.0777,12.332,20.739,30
5.3035,7.8473,0.7451,1.5882,38,81,0.96214,1.4,12.269,23.378,30
5.2322,7.971,0.84314,1.3725,43,70,0.99782,1.2566,12.337,21.986,30
4.938,7.4259,1.3137,1.1373,67,58,1.1061,1.2356,11.676,21.296,30
5.7086,7.4844,0.78431,0.82353,40,42,0.90309,0.87409,13.556,20.29,30
5.5384,7.9754,0.92157,1.3725,47,70,0.94881,1.2058,13.433,22.645,30
6.0285,8.2259,1,1.4314,51,73,1.0553,1.1998,14.815,22.942,30
5.5324,7.6085,0.76471,1.1373,39,58,0.88543,1.0822,13.134,21.185,30
5.5672,7.6983,1.1176,1.1961,57,61,1.0227,1.2319,13.616,21.464,30
6.999,7.5638,1.6275,1.1961,83,61,1.3508,1.1702,18.9,20.907,30
5.2065,7.4852,1,1.1569,51,59,0.95424,1.2165,12.541,20.727,30
4.6022,7.0213,0.94118,0.90196,48,46,1.0396,1,10.836,19.072,30
6.0791,7.8548,1.098,1.098,56,56,1.1252,1.0792,14.935,21.693,30
5.8741,8.4029,1.098,1.4706,56,75,1.0536,1.245,14.303,23.55,30
5.8525,7.7469,1.0392,1.2941,53,66,1.0341,1.2189,14.95,21.464,30
5.7393,7.045,0.94118,0.80392,48,41,0.95154,0.87794,14.484,19.127,30
5.6031,7.4831,0.90196,1.098,46,56,0.93462,1.0502,13.434,20.192,30
5.6842,7.5171,1.098,1.3922,56,71,1.0467,1.158,13.98,21.413,30
5.1005,7.2466,0.76471,1.0784,39,55,0.95424,1.0866,11.859,19.91,30
5.4366,8.0039,0.72549,1.7843,37,91,0.89266,1.4518,12.636,24.213,30
5.7812,7.814,0.92157,1.2353,47,63,1.0106,1.1312,13.814,21.362,30
6.0297,7.5141,0.96078,1.4118,49,72,1.0777,1.2593,14.789,20.979,30
5.8998,7.3611,0.90196,0.94118,46,48,1.0536,0.96725,14.892,20.074,30
5.596,7.5913,0.84314,1.451,43,74,0.98886,1.1865,13.482,20.459,30
4.652,7.0373,0.88235,1.3725,45,70,0.98886,1.1569,10.838,19.514,30
5.4342,7.5879,0.60784,1.2745,31,65,0.81673,1.0619,12.606,20.835,30
5.2248,7.9572,0.76471,1.5686,39,80,0.89266,1.272,12.052,22.206,30
6.0027,7.9936,0.84314,1.3922,43,71,1.0777,1.2033,14.84,21.871,30
5.9157,7.7611,0.86275,1.3333,44,68,1.0536,1.1527,14.625,21.253,30
6.1256,7.412,0.84314,1.3529,43,69,0.89967,1.1288,15.004,20.817,30
5.6053,7.9236,0.76471,1.2941,39,66,0.96976,1.2205,13.232,22.611,30
5.6486,7.3825,1.0196,1.2157,52,62,1.0246,1.1611,13.67,20.842,30
5.4126,7.2678,0.60784,1.1373,31,58,0.8451,1.0043,12.566,19.825,30
5.5805,8.0599,0.86275,1.6078,44,82,1.0246,1.3538,13.209,22.752,30
6.2826,7.6356,1.2353,1.4118,63,72,1.124,1.2695,15.439,20.762,30
5.9342,7.4959,0.96078,1.3725,49,70,0.94881,1.2471,14.526,21.524,30
5.9313,7.3492,0.62745,1.098,32,56,0.82173,1.0207,14.31,19.923,30
6.2398,7.2904,1.1765,1.2157,60,62,1.267,1.0993,16.366,19.525,30
5.8189,7.2259,1.1373,1.0196,58,52,1.1846,1.0043,15.082,19.501,30
5.1866,7.1185,1.0784,1.3529,55,69,1.1621,1.21,12.973,19.59,30
6.1467,7.6901,0.92157,1.2549,47,64,0.99339,1.0502,15.656,21.742,30
6.4691,7.822,1.0784,1.5098,55,77,1.1087,1.3048,16.158,21.752,30
5.8815,7.5369,1.1569,1.3333,59,68,1.0952,1.1371,14.677,20.951,30
6.0138,7.5163,0.86275,1.1569,44,59,0.92255,1.0147,15.152,20.733,30
5.6215,7.4274,0.7451,1.1569,38,59,0.87409,1.1494,13.212,19.952,30
4.8151,7.3356,0.94118,1.2549,48,64,1.0603,1.1692,10.907,20.687,30
5.8097,7.4929,1.0392,1.1569,53,59,1.0227,1.0586,14.264,20.571,30
5.871,7.8013,1.0392,1.3333,53,68,1.0952,1.1127,14.156,21.527,30
6.1505,7.9883,1.098,1.6275,56,83,1.1074,1.342,15.422,22.744,30
5.9764,7.3542,1.0196,1.1373,52,58,1.0127,1.0207,15.141,20.325,30
6.2755,8.1307,1.1765,1.3922,60,71,1.0731,1.2823,16.025,24.475,30
5.6206,7.7055,0.84314,1.1373,43,58,0.98424,1.2282,13.263,21.018,30
5.7514,7.6356,1.1569,1.3529,59,69,1.2334,1.1087,14.494,20.975,30
5.4564,7.5957,1.0392,1.1961,53,61,0.98424,1.1087,13.292,21.135,30
6.3749,8.1662,1.4118,1.2353,72,63,1.2955,1.2378,16.724,23.016,30
6.2192,7.7354,1.1373,1.1961,58,61,1.0502,1.1215,16.076,21.379,30
6.3836,7.6715,0.94118,1.3725,48,70,1.0966,1.2745,15.917,21.834,30
6.5566,7.655,1.2157,1.0392,62,53,1.2853,1.0106,17.78,21.757,30
5.3401,7.8059,1.0588,1.3922,54,71,1.1048,1.3059,12.563,21.631,30
5.2915,7.5367,1.0196,1.4314,52,73,1.057,1.3059,12.599,21.565,30
6.6804,7.6146,1.3137,1.1569,67,59,1.3232,1.0619,17.45,21.627,30
6.5977,7.7072,1.4314,1.098,73,56,1.3192,1.0396,16.892,21.017,30
5.1911,7.3165,1.2549,1.3529,64,69,1.2512,1.33,14.155,21.392,30
6.4544,7.6848,1.098,1.2941,56,66,1.0285,1.0851,16.82,21.777,30
7.0234,8.3475,1.6275,1.6471,83,84,1.1874,1.2977,18.11,23.381,30
6.3981,7.6408,1.2745,1.4314,65,73,1.1165,1.1874,15.915,21.583,30
4.9969,7.5885,1.0392,1.2157,53,62,1.0519,1.0792,11.987,20.538,30
5.221,7.4624,1,1.6275,51,83,1.0147,1.1682,12.533,20.456,30
5.1781,8.2232,0.80392,1.6863,41,86,0.99782,1.2853,12.197,23.354,30
5.753,7.2541,0.86275,1.1176,44,57,1.0396,1.0106,13.875,19.908,30
6.5228,7.804,1.3529,1.451,69,74,1.2586,1.2606,16.764,21.658,30
6.0747,7.8817,0.96078,1.4118,49,72,1.0341,1.2553,15.252,21.662,30
6.233,7.3771,1.1765,1.2941,60,66,1.0502,1.0668,15.304,20.068,30
5.8413,8.0741,1.3137,1.451,67,74,1.2289,1.2024,15.125,22.505,30
5.2803,7.4866,0.92157,1.3922,47,71,1.0553,1.1215,12.37,20.535,30
4.7141,7.079,0.98039,1.0784,50,55,1.1178,0.99339,11.472,19.186,30
6.4896,7.6771,1.1765,1.4118,60,72,1.2457,1.1505,17.382,21.176,30
6.1192,7.7961,1.1176,1.2353,57,63,1.205,1.2378,15.344,21.465,30
6.7885,7.7812,1.2745,1.6667,65,85,1.1215,1.2244,17.33,21.761,30
7.1929,7.3924,1.4314,1.1176,73,57,1.178,1.0265,19.011,20.67,30
5.2181,7.9816,0.88235,1.3922,45,71,0.95954,1.3242,12.288,21.841,30
5.9092,7.391,0.96078,1.5294,49,78,1.0807,1.1548,14.386,20.311,30
4.7822,7.5576,0.7451,1.3725,38,70,0.8962,1.0993,11.422,20.455,30
5.7699,8.2012,1.0392,1.3333,53,68,1.0866,1.2999,13.673,22.743,30
6.2149,8.1602,1.3137,1.6667,67,85,1.1382,1.3745,15.39,23.246,30
6.933,7.7648,1.2549,1.3137,64,67,1.2429,1.0923,17.655,21.226,30
5.7374,7.1337,1.1176,1.098,57,56,1.1855,1.1101,14.63,19.786,30
6.9041,8.1632,1.4118,1.4314,72,73,1.2173,1.2727,18.018,23.119,30
5.9764,7.3799,1,1.2353,51,63,1.0652,1.1837,14.804,20.623,30
5.4688,7.1846,0.94118,1.1373,48,58,0.96214,1.0085,13.438,19.946,30
5.5845,8.1442,1.0784,1.451,55,74,1.1061,1.1672,13.067,22.692,30
5.4066,7.4728,0.98039,1.1765,50,60,1.088,1.0792,13.124,21.395,30
5.6481,7.239,1.2157,1,62,51,1.1101,1.0022,14.032,19.917,30
6.101,7.8066,1.0784,0.90196,55,46,1.1061,1.0938,15.033,21.345,30
7.1811,7.8248,1.4118,1.2549,72,64,1.2205,1.2429,19.035,21.861,30
4.9515,7.1339,0.80392,0.94118,41,48,1.0715,0.96214,12.085,18.874,30
5.715,8.3084,0.84314,1.3725,43,70,0.99782,1.2041,13.406,23.026,30
5.096,7.8443,1.1765,1.3137,60,67,1.1324,1.2165,12.209,21.924,30
6.5189,7.8128,1.3137,1.6471,67,84,1.1662,1.4143,16.416,23.375,30
5.6007,7.3672,0.90196,1.1176,46,57,1.088,1.0553,13.473,21.184,30
5.8437,8.5595,1.1765,1.6078,60,82,1.1827,1.3388,15.041,24.381,30
6.228,8.1095,1.2745,1.5098,65,77,1.0586,1.2664,16.407,23.066,30
6.0099,7.5463,1.2353,1.1176,63,57,1.0923,1.0106,15.124,21.397,30
5.199,7.747,0.98039,1.1961,50,61,1.0127,1.0586,12.838,21.365,30
6.289,7.9573,1.4314,1.3725,73,70,1.3192,1.2944,16.261,21.919,30
6.008,7.3138,1.2941,1.2353,66,63,1.1751,1.0619,16.029,20.11,30
5.6679,7.4899,0.94118,1.4118,48,72,1.0043,1.1348,14.383,20.557,30
6.6659,8.288,1.3922,1.6275,71,83,1.2763,1.3261,17.514,23.271,30
5.8918,7.7543,1,1.5294,51,78,1.045,1.1937,14.999,21.189,30
6.2697,7.7891,1.3333,1.5294,68,78,1.13,1.2312,15.891,21.853,30
4.1341,7.1096,0.82353,1.1961,42,61,1.0432,1.0553,10.172,20.038,30
5.1287,7.4628,1.1373,1.1961,58,61,1.2429,1.0265,13.184,20.31,30
6.144,8.5435,1.2549,1.7059,64,87,1.0668,1.328,15.131,24.198,30
5.9769,7.9368,1.2549,1.6667,64,85,1.1672,1.3438,15.686,23.178,30
6.3034,7.6083,1.1765,1.1765,60,60,1.1101,1.0285,16.378,22.256,30
6.6524,8.0393,1.3333,1.6667,68,85,1.2645,1.3617,17.28,22.529,30
5.1579,7.2902,0.90196,1.0784,46,55,1.0668,1.0777,12.309,20.014,30
4.9759,7.4802,1.1765,1.2157,60,62,1.2282,1.0993,11.853,20.02,30
6.3904,8.1208,1.451,1.4118,74,72,1.2733,1.1548,17.467,22.618,30
5.7447,7.4107,0.96078,1.3725,49,70,1.0652,1.0851,14.378,19.945,30
5.8439,7.406,1.1176,1.6471,57,84,1.2149,1.3106,15.423,21.542,30
6.3766,7.5269,1.2745,1.0784,65,55,1.1405,0.98424,16.497,21.234,30
5.4941,7.2616,0.88235,1.1569,45,59,1.0022,1.0684,13.607,19.444,30
5.9978,7.9719,1.0392,1.451,53,74,1.1288,1.199,15.063,22.119,30
5.5282,7.6009,0.80392,1.1961,41,61,0.90646,1.0303,13.098,21.427,30
5.6277,7.4568,0.82353,1.3529,42,69,1.0127,1.1722,13.241,20.876,30
7.2921,7.727,1.6471,1.2941,84,66,1.4256,1.2024,20.156,20.87,30
6.5331,7.4937,1.6275,1.451,83,74,1.3658,1.3177,18.699,21.115,30
6.2925,7.5205,1.098,1.1373,56,58,1.088,1.0359,16.847,21.49,30
5.3987,7.6342,0.98039,1.3137,50,67,0.98656,1.1998,13.36,20.763,30
4.3601,7.0855,0.64706,1.3137,33,67,1.0341,1.1761,10.391,19.155,30
5.9387,7.8309,1.2745,1.3333,65,68,1.1359,1.0822,15.26,21.669,30
6.5176,7.6541,1.2353,1.2745,63,65,1.1621,1.2033,16.729,21.609,30
5.9398,8.3091,1.1176,1.5686,57,80,1.0777,1.3779,14.355,23.411,30
6.1328,7.4741,1.2353,1.5294,63,78,1.2149,1.2498,16.383,21.698,30
5.8629,7.1485,0.92157,1.1373,47,58,1.0619,1.0207,14.712,19.133,30
6.443,7.5944,1.3137,1.4314,67,73,1.3347,1.1537,16.199,20.738,30
5.2078,7.403,0.70588,1.1765,36,60,0.84949,1.0432,11.953,19.678,30
4.8439,7.2766,1.0784,1.6863,55,86,1.1007,1.3588,12.589,20.659,30
6.1672,7.7676,1.0784,1.1765,55,60,1.1601,1.0322,15.629,22.04,30
6.8013,7.6131,1.3333,1.4706,68,75,1.2075,1.178,18.123,20.273,30
6.235,7.3799,1.1961,1.549,61,79,1.1288,1.3037,16.412,21.583,30
6.5512,7.4283,1.4314,1.3333,73,68,1.2573,1.1127,17.758,20.527,30
5.8014,8.0176,1.098,1.4902,56,76,1.179,1.381,15.016,22.441,30
4.5906,7.6979,0.86275,1.8039,44,92,0.98189,1.3333,10.785,21.637,30
5.569,7.9458,1.098,1.4706,56,75,1.1883,1.145,13.54,22.313,30
6.1993,7.7957,1.1373,1.2941,58,66,1.1074,1.1252,15.749,21.816,30
6.2465,7.9595,0.98039,1.5294,50,78,1.1101,1.3167,15.678,22.489,30
5.9885,7.7508,0.86275,1.4118,44,72,1.0467,1.0966,14.904,21.082,30
6.6649,7.6841,1.451,1.4902,74,76,1.2371,1.2007,17.07,21.308,30
5.6966,7.4556,0.86275,1.2941,44,66,1.0085,1.1548,14.455,19.902,30
5.0662,6.8645,0.90196,1.3922,46,71,1.057,1.1621,11.905,19.217,30
6.147,7.5388,1.2549,1.2745,64,65,1.2695,1.0777,16.275,20.653,30
6.1705,7.839,0.98039,1.4314,50,73,0.98656,1.1312,16.384,21.651,30
6.1619,7.9936,1.0588,1.3922,54,71,1.1732,1.3698,16.429,22.795,30
8.8323,7.559,1.2353,1.549,63,79,1.1114,1.1516,25.522,20.725,30
9.3622,7.3321,2.1176,1.549,108,79,1.4421,1.3584,31.12,21.88,30
5.6002,9.9821,0.88235,2.1176,45,108,0.96471,1.5143,16.85,30.425,30
1.5137,5.2551,0.43137,0.68627,22,35,0.69011,0.82661,3.128,16.162,30
6.8713,6.516,0.84314,1.3725,43,70,0.93166,1.1371,18.135,18.577,-30
8.5489,8.0866,1.6863,1.2157,86,62,1.2829,1.2733,26.695,22.666,-30
7.1147,6.3121,1.1961,1.098,61,56,1.1061,1.0909,20.443,16.747,-30
6.5811,6.7487,0.96078,1.1373,49,58,0.97952,1.1101,17.17,17.38,-30
6.6237,6.5977,1.0196,1.2549,52,64,1.0285,1.2075,17.172,17.419,-30
7.3379,6.6482,1.0784,1.2157,55,62,1.0485,1.1712,19.785,16.736,-30
7.0569,6.0199,1,1.0196,51,52,1.0414,1.0502,18.442,15.632,-30
7.5337,6.3806,1.2353,0.84314,63,43,1.1139,0.96471,21.319,16.083,-30
7.6804,6.7094,1.2941,1.098,66,56,1.1048,1.2457,21.185,18.158,-30
7.4256,7.1924,0.96078,1.3333,49,68,1.0106,1.3424,20.689,19.408,-30
6.6069,6.2326,0.96078,1.2941,49,66,1.0303,1.3116,17.46,15.942,-30
6.6659,6.4457,1.1961,0.86275,61,44,1.0837,0.8962,17.781,18.036,-30
7.7185,6.5263,1.3137,1.2549,67,64,1.1405,1.1417,21.594,16.623,-30
7.0406,6.2938,1.0196,1.0588,52,54,1.0467,1.0285,18.557,16,-30
7.1425,6.7859,1.3137,1.3137,67,67,1.1642,1.2727,19.521,18.19,-30
7.4515,6.9602,1.2549,1.5686,64,80,1.0792,1.3948,20.632,20.072,-30
7.7921,7.1889,1.1569,1.2549,59,64,1.1165,1.1632,22.318,20.199,-30
7.5686,6.9934,1.2745,1.4314,65,73,1.0553,1.33,20.203,18.647,-30
6.7457,6.0883,1.0784,1.0588,55,54,1.0265,1.1846,17.514,15.667,-30
6.7372,6.787,1.2745,1.1373,65,58,1.0485,0.97712,17.537,17.748,-30
7.5482,6.1099,1.3529,1.098,69,56,1.1837,1.0396,20.377,15.183,-30
7.298,6.0511,1.4706,1.0392,75,53,1.158,1.045,20.528,15.828,-30
7.4376,6.0608,1.1961,0.82353,61,42,1.1061,0.88171,20.328,15.131,-30
7.8121,7.0015,1.4314,1.3529,73,69,1.1382,1.3551,21.145,18.234,-30
7.6607,6.4652,1.3333,1.1765,68,60,1.1569,1.222,21.063,16.925,-30
7.4256,6.2232,1.2745,1.0392,65,53,1.1061,1.0147,20.128,16.299,-30
7.2794,7.5902,1.1176,1.6471,57,84,1.045,1.4647,19.754,20.872,-30
6.7623,6.4818,1.2549,1.1961,64,61,1.1152,1.1601,17.801,17.376,-30
7.2855,6.1382,1.3922,0.90196,71,46,1.1139,0.95691,19.526,15.382,-30
7.4408,6.6585,1.2745,1.1373,65,58,1.0715,1.199,20.191,17.272,-30
7.9934,6.6329,1.549,1.1765,79,60,1.2304,1.2356,22.683,17.895,-30
7.9225,6.3478,1.1961,1.098,61,56,1.0519,1.0322,22.12,16.26,-30
7.7067,6.9832,1.5686,1.0784,80,55,1.1771,1.2835,21.232,18.245,-30
7.6986,6.2893,1.6078,1.0392,82,53,1.1883,1.3069,21.105,17.475,-30
7.5477,6.2498,1.1765,0.68627,60,35,1.0851,0.87018,20.945,15.965,-30
7.0272,6.3643,1.3333,1.0392,68,53,1.0909,1.0777,18.597,16.095,-30
8.0076,6.1801,1.6275,0.90196,83,46,1.2212,1.0127,22.591,15.512,-30
8.3667,6.3098,1.098,0.80392,56,41,1.057,0.94325,24.046,15.506,-30
7.8198,6.5552,1.549,0.96078,79,49,1.1818,1.1114,21.745,16.778,-30
8.0634,6.4864,1.4314,1.3333,73,68,1.119,1.3217,22.405,18.869,-30
7.7359,6.1893,1.2353,0.72549,63,37,1.0715,0.91304,22.093,16.012,-30
7.5296,6.947,1.2745,1.0196,65,52,1.0952,1.2251,20.762,17.782,-30
7.5421,6.6387,1.451,1,74,51,1.1483,1.0519,20.66,17.164,-30
7.8243,6.259,1.5882,0.7451,81,38,1.1312,0.90309,21.916,15.885,-30
8.0099,7.4625,1.7255,1.5882,88,81,1.2236,1.3783,22.445,20.7,-30
8.1826,7.071,1.2353,1.3529,63,69,1.0777,1.2505,23.151,18.555,-30
8.1414,6.4861,1.3529,1.1569,69,59,1.1472,1.2274,23.132,17.409,-30
8.5494,6.7725,1.6471,1.1176,84,57,1.1846,1.0979,24.362,17.77,-30
8.4991,6.8172,1.5098,1.2353,77,63,1.2149,1.2066,24.532,17.557,-30
8.1782,6.7219,1.3529,1.2353,69,63,1.1007,1.2165,22.833,18.383,-30
8.324,6.2471,1.4706,1.0588,75,54,1.1963,1.0603,23.003,15.966,-30
7.5396,6.5066,1.3922,1.1569,71,59,1.1702,1.21,21.19,17.294,-30
7.4399,6.7116,1.2745,1.098,65,56,1.0777,1.1672,20.284,17.096,-30
7.3418,6.3224,1.0784,1.4314,55,73,1.0923,1.4075,20.753,18.247,-30
7.6466,5.9062,1.1569,0.82353,59,42,1.0652,0.93462,20.969,14.869,-30
8.3535,6.3483,1.3333,1.0392,68,53,1.1324,1.045,24.084,16.158,-30
7.8795,6.9711,1.2353,1.1961,63,61,1.0746,1.2421,21.776,17.87,-30
7.6072,6.1121,1.2157,0.90196,62,46,1.13,0.95691,20.432,15.147,-30
7.6638,5.9403,1.3137,0.92157,67,47,1.1288,0.98886,20.727,14.775,-30
7.2547,7.0689,1.0784,1.2157,55,62,0.99782,1.2371,19.908,18.1,-30
7.6191,6.4487,1.3725,1.1961,70,61,1.1439,1.0979,21.299,16.652,-30
7.7929,6.0453,1.3725,0.98039,70,50,1.1483,0.93462,22.22,14.919,-30
7.7602,7.4903,1.2549,1.5686,64,80,1.1127,1.3912,21.968,19.902,-30
7.9063,6.8954,1.4118,1.3725,72,70,1.0993,1.2512,22.426,18.25,-30
6.7218,5.3487,1.0784,0.86275,55,44,1.0837,0.90309,17.768,13.064,-30
8.2166,6.8833,1.549,1.451,79,74,1.2334,1.301,22.728,18.4,-30
7.0313,6.1827,1.1765,1.0784,60,55,1.0502,1.0022,18.692,15.374,-30
7.9154,6.9862,1.451,1.6471,74,84,1.13,1.4861,21.926,21.448,-30
7.4406,6.2228,1.3137,1.0196,67,52,1.1264,0.96725,20.227,16.42,-30
7.5977,6.5689,1.3529,1.0784,69,55,1.1382,1.0866,21.01,17.409,-30
7.9252,7.961,1.5294,1.8627,78,95,1.1505,1.5108,21.971,22.742,-30
7.5614,6.4813,1.3137,1.2549,67,64,1.0684,1.2829,20.679,17.91,-30
7.5677,6.216,1.4314,0.88235,73,45,1.1034,0.90646,20.494,16.387,-30
7.0548,6.8416,1.2157,1.3725,62,70,1.1203,1.2829,18.733,17.768,-30
7.42,6.8707,1.3529,1.2745,69,65,1.1139,1.3383,20.661,18.847,-30
7.673,6.7548,1.549,1.1569,79,59,1.2033,1.0777,21.77,17.049,-30
7.6846,6.4915,1.2941,1.2353,66,63,1.1276,1.2823,21.592,17.071,-30
7.1008,7.0831,1.2549,1.549,64,79,1.0432,1.3828,18.999,19.715,-30
7.1497,6.191,1.098,1.0784,56,55,1.0502,1.0187,18.561,15.785,-30
6.8572,6.324,1.3529,1.098,69,56,1.1034,1.1883,18.265,16.435,-30
7.1856,6.9237,1.3333,1.2745,68,65,1.0938,1.1818,19.322,17.839,-30
7.7194,6.0097,1.5686,1.2941,80,66,1.2342,1.2485,22.202,15.776,-30
7.1292,6.127,1.0588,0.86275,54,44,1.0085,0.88908,19.448,16.033,-30
7.6669,7.0204,1.6078,1.5294,82,78,1.1461,1.3976,20.939,18.665,-30
7.8151,6.6003,1.3333,1.2549,68,64,1.0993,1.1732,21.983,17.926,-30
7.4478,6.3067,1.3725,1.0196,70,52,1.0966,1.0043,20.058,15.923,-30
7.1444,6.5595,1.2941,1.1569,66,59,1.0699,1.1139,18.871,16.687,-30
8.0014,7.3228,1.451,1.5098,74,77,1.1865,1.3828,22.218,20.066,-30
7.1767,6.3292,1.098,1.3333,56,68,1.0396,1.2606,19.75,17.159,-30
7.1744,6.177,1.4706,0.98039,75,50,1.1946,0.97712,20.895,16.745,-30
8.2758,7.0195,1.1961,1.1569,61,59,1.119,1.3252,23.78,18.439,-30
7.0115,7.0857,1.3922,1.6667,71,85,1.1359,1.2939,19.19,19.678,-30
7.3807,6.1371,1.2157,0.90196,62,46,1.088,0.94605,19.856,15.597,-30
7.6705,7.2279,1.3922,1.6275,71,83,1.1963,1.3559,21.055,19.321,-30
7.8949,6.8483,1.549,1.1961,79,61,1.1837,1.2334,21.412,17.915,-30
7.5682,6.3883,1.3922,1.3922,71,71,1.1034,1.3252,20.541,17.153,-30
7.6428,6.6555,1.3333,1.0392,68,53,1.1652,1.0187,21.436,18.031,-30
8.3246,7.3267,1.451,1.2941,74,66,1.2988,1.3333,23.606,19.374,-30
8.5283,6.0545,1.6078,1.0784,82,55,1.24,1.1855,24.702,15.972,-30
7.3484,6.3574,1.1176,1.0588,57,54,0.99782,1.0909,20.352,16.311,-30
8.0943,6.9117,1.6863,1.1569,86,59,1.2899,1.1818,22.296,17.873,-30
7.2516,6.1302,1.3529,1.0588,69,54,1.1494,1.0246,20.273,15.488,-30
7.1918,6.0264,1.2549,0.94118,64,48,1.0668,0.94041,19.281,14.756,-30
7.4896,6.6734,1.3137,1.2157,67,62,1.0866,1.1127,20.245,17.232,-30
7.407,6.8018,1.5294,1.2745,78,65,1.1505,1.308,20.428,18.892,-30
7.7304,6.3506,1.4314,0.88235,73,45,1.1494,0.95954,21.313,16.045,-30
7.388,6.5702,1.2941,1.2549,66,64,1.1074,1.2236,19.988,16.871,-30
6.8926,6.0133,1.1569,1.2941,59,66,1.0485,1.2683,18.023,16.126,-30
6.6808,6.2875,1.3529,1.0588,69,54,1.0777,1.0432,17.136,16.047,-30
7.5104,7.0279,1.0392,1.4118,53,72,1.0519,1.2933,20.182,19.01,-30
7.2895,7.0809,1.3137,1.2941,67,66,1.0684,1.3538,19.348,18.879,-30
7.2807,6.4649,1.2745,1.3922,65,71,1.1336,1.376,19.728,19.187,-30
7.7504,6.5872,1.2745,1.0784,65,55,1.1601,1.0684,21.817,17.188,-30
7.6775,7.6203,1.2745,1.5686,65,80,1.0684,1.4444,21.595,21.595,-30
7.581,7.0341,1.1373,1.4118,58,72,1.0909,1.3106,20.578,18.432,-30
7.1441,6.7126,1.2157,1.4314,62,73,1.0502,1.2533,19.365,17.94,-30
7.8112,5.9576,1.2941,0.86275,66,44,1.1252,0.93462,21.454,14.662,-30
7.3499,6.5998,1.098,1.1569,56,59,1.0396,1.2393,19.787,17.425,-30
7.9581,6.8444,1.5098,1.2157,77,62,1.145,1.3442,22.147,17.818,-30
7.8229,6.6503,1.1569,1.4118,59,72,1.0414,1.2887,21.898,18.181,-30
7.8363,6.3215,1.4706,0.92157,75,47,1.1702,0.93166,22.048,16.873,-30
8.3816,6.8593,1.3333,1.098,68,56,1.1505,1.2092,23.325,17.504,-30
7.4057,6.2691,1.098,1.2157,56,62,1.0636,1.1692,19.966,16.636,-30
7.8999,6.4242,1.4706,0.82353,75,42,1.1998,0.8962,22.06,16.849,-30
8.1003,6.3728,1.7451,0.94118,89,48,1.2334,0.98656,22.936,16.073,-30
7.7819,6.0635,1.3725,0.94118,70,48,1.1483,1.0731,22.337,15.501,-30
8.0272,6.763,1.4118,1.1176,72,57,1.179,1.21,22.382,18.322,-30
8.0333,6.9467,1.3922,1.1961,71,61,1.119,1.2197,22.711,18.248,-30
6.8421,5.7462,1.3725,1.0588,70,54,1.1228,1.2955,18.211,13.96,-30
6.998,7.0927,1.1373,1.1373,58,58,1.1394,1.0731,18.922,19.608,-30
4.5213,6.9058,0.58824,1.1765,30,60,0.81162,1.3295,10.28,17.831,-30
2.3717,6.3384,0.47059,1.3137,24,67,0.95154,1.3337,5.2131,18.078,-30
2.2468,4.9544,0.29412,0.70588,15,36,0.63938,0.84949,3.5919,12.862,-30
1.572,4.1371,0.33333,0.86275,17,44,0.63938,1.0127,2.058,9.2387,-30
2.5744,6.0478,0.43137,0.90196,22,46,0.80103,1,4.2977,14.902,-30
12.068,62.842,2.9608,32.235,151,1644,1.6248,2.522,41.067,408.31,-60
9.4046,51.012,1.4118,18.176,72,927,1.1809,2.3153,28.892,332.47,-60
8.326,37.542,1.549,8.5294,79,435,1.2304,2.1023,23.676,208.29,-60
8.3014,32.291,1.8824,12.706,96,648,1.3621,2.2936,23.19,175.02,-60
6.7681,30.912,1.1765,9.3725,60,478,1.0699,2.0938,18.886,160.53,-60
7.5862,30.235,1.4902,10.569,76,539,1.2312,2.2092,20.362,163.02,-60
5.6717,33.448,0.86275,10.51,44,536,0.92867,2.1888,14.506,174.6,-60
9.372,23.111,1.6863,5.3333,86,272,1.2342,1.8882,27.137,113.94,-60
6.766,24.747,1.0196,6.8627,52,350,0.98189,2.0236,18.179,109.93,-60
7.096,23.007,1.2549,8.5098,64,434,1.13,2.1654,19.343,113.74,-60
6.9385,27.555,1.3725,6.3333,70,323,1.1548,2.0355,19.871,129.02,-60
7.517,40.944,1.451,15.196,74,775,1.1901,2.3062,21.233,215.75,-60
7.9799,41.256,1.6667,13.431,85,685,1.2927,2.2375,23.304,221.67,-60
9.4824,43.463,1.8039,16.98,92,866,1.3207,2.3176,28.958,250.22,-60
8.9219,40.747,1.5882,13.98,81,713,1.2319,2.2176,26.04,226.1,-60
8.4537,35.911,1.5098,12.039,77,614,1.1928,2.1341,24.179,197.58,-60
7.9801,27.715,1.3922,7.549,71,385,1.3261,2.0156,22.105,160.87,-60
8.3559,31.734,1.6471,10.039,84,512,1.2966,2.1841,23.783,174.92,-60
7.986,37.972,1.2549,12.451,64,635,1.1021,2.3931,22.135,203.2,-60
7.6725,36.068,1.4706,11.235,75,573,1.1963,2.1816,21.417,190.29,-60
7.5036,36.048,1.1176,10.235,57,522,1.0485,2.137,20.083,181.7,-60
7.5716,36.197,1.7059,16.098,87,821,1.3162,2.3735,22.061,207.89,-60
8.0599,45.523,1.3137,13.471,67,687,1.1472,2.2577,23.289,272.31,-60
8.0506,33.815,1.5686,13.706,80,699,1.3529,2.31,22.663,202.28,-60
7.6634,29.55,1.2941,6.1765,66,315,1.1712,1.8818,20.775,158.73,-60
6.6795,26.168,1.2745,9.3922,65,479,1.2116,2.1527,17.319,138.84,-60
7.6484,28.527,1.2353,7.902,63,403,1.1702,1.9702,21.507,142.56,-60
7.5052,29.227,1.3137,9.8824,67,504,1.145,2.1659,20.997,153.32,-60
6.5992,31.664,0.96078,11.412,49,582,0.99782,2.2038,17.375,170.93,-60
7.2723,34.563,1.1176,12.471,57,636,1.0553,2.261,19.794,190.12,-60
7.7169,34.374,1.451,11,74,561,1.1417,2.3078,21.35,195.82,-60
6.9485,33.128,1.3137,9.1569,67,467,1.1359,2.1868,19.088,178.33,-60
7.3301,29.103,1.2745,8.9412,65,456,1.0866,2.045,19.375,148.33,-60
7.1229,36.169,1.4314,10.961,73,559,1.1428,2.2249,19.508,178.76,-60
6.5018,25.525,1.1569,7,59,357,1.0952,1.9258,16.955,118.34,-60
6.6736,19.976,1.1373,4.2549,58,217,1.0938,1.8013,17.14,83.958,-60
5.9953,20.974,1,6.4118,51,327,1.0022,1.9117,15.495,91.82,-60
6.4378,25.707,1.0588,9.7255,54,496,1.0432,2.1533,16.744,122.86,-60
7.5605,36.536,1.2941,11.608,66,592,1.13,2.1914,20.294,191.37,-60
6.1555,31.276,0.98039,8.1373,50,415,0.97712,2.1105,15.392,154.59,-60
6.4786,19.579,1.3137,5.9804,67,305,1.1165,2.0687,16.489,96.339,-60
7.1306,23.14,1.549,8.3137,79,424,1.3111,2.1164,19.783,111.81,-60
6.1494,28.82,1.1569,7.6863,59,392,1.0378,1.983,15.816,143.18,-60
6.8344,20.717,1.4118,6.1765,72,315,1.2092,1.9794,18.116,101.76,-60
6.5706,22.566,1.2941,7.2353,66,369,1.2041,2.0579,17.682,109.75,-60
5.9008,29.356,1.1176,10.412,57,531,1.1061,2.1639,15.123,153.3,-60
6.6681,29.194,1.1961,7.5882,61,387,1.0866,2.0296,17.859,146.16,-60
6.3616,25.889,1.098,8.8824,56,453,1.088,2.1219,16.358,118.07,-60
6.8814,32.509,1.1569,9.6667,59,493,1.0684,2.1429,18.435,167.15,-60
6.3188,27.76,1.1569,8.549,59,436,1.0619,2.1597,15.525,135.96,-60
6.4732,22.648,1.2353,5.0392,63,257,1.2149,1.7926,16.586,107.8,-60
6.6337,30.208,1.3529,11.51,69,587,1.3393,2.2063,19.598,148.76,-60
7.4922,32.908,1.1765,10.353,60,528,1.1048,2.1169,20.291,177.62,-60
7.4693,28.782,1.5098,8.9804,77,458,1.2994,2.1878,19.987,150.37,-60
7.2555,30.364,1.3137,9.1569,67,467,1.1642,2.0561,19.673,150.98,-60
7.1129,25.98,1.3725,6.3333,70,323,1.3237,1.8846,19.736,118.27,-60
6.3538,21.986,0.90196,6.2549,46,319,0.97712,1.986,16.54,97.858,-60
7.2925,25.32,1.1569,7.7647,59,396,1.2244,2.0607,19.624,114.01,-60
6.3592,30.677,0.96078,8.8824,49,453,1.0378,2.1734,16.827,148.24,-60
6.3209,21.271,1.1961,7.3137,61,373,1.1114,2.1483,17.467,122.32,-60
6.5216,23.824,1.1569,8.4706,59,432,1.1382,2.2468,18.014,134.38,-60
6.7165,21.367,1.2353,6.2157,63,317,1.1405,1.9112,17.565,113.05,-60
6.1976,23.689,1.0784,6.9608,55,355,1.0303,1.9947,15.715,113.15,-60
7.2139,22.257,1.3529,6.9608,69,355,1.205,1.9989,19.146,117.59,-60
6.7343,25.532,1.3333,5.6078,68,286,1.1371,1.8583,18.289,113.43,-60
6.9571,25.955,1.3725,9.0784,70,463,1.1505,2.1957,18.853,122.16,-60
6.4294,26.921,1.2353,7.9412,63,405,1.1855,1.9589,17.016,134.94,-60
7.1432,29.508,1.3725,8.2353,70,420,1.2757,2.1242,20.439,145.89,-60
6.6707,21.675,1.1961,5.9412,61,303,1.0684,1.8541,17.188,94.146,-60
6.7328,20.876,1.1373,5.8431,58,298,1.0699,1.8895,16.896,93.483,-60
6.4292,26.032,1.2941,8.0196,66,409,1.1919,2.0982,16.162,116.18,-60
6.4572,24.041,1.2353,10.431,63,532,1.1312,2.2113,16.467,138.82,-60
7.0896,31.075,1.4118,7.9804,72,407,1.1865,1.9763,18.933,160.58,-60
6.6587,28.004,1.3725,10.882,70,555,1.1371,2.1988,18.016,155.75,-60
7.0058,28.718,1.2353,6.8627,63,350,1.1264,1.8984,17.966,139.87,-60
6.6179,32.852,1.0588,11,54,561,1.1101,2.2321,17.664,162.24,-60
7.0014,28.267,1.2353,6.9804,63,356,1.3455,2.0264,18.504,130.97,-60
6.7082,26.255,1.3922,9.8235,71,501,1.1874,2.2399,17.998,143.03,-60
6.83,28.64,1.4706,8.8235,75,450,1.1472,2.1003,17.873,143.73,-60
6.6669,32.293,0.94118,11.333,48,578,0.92867,2.2546,17.163,171.87,-60
6.2007,25.927,1.1961,8.0196,61,409,1.1742,2.1078,15.69,138.33,-60
6.3115,25.892,1.0784,7.2157,55,368,1.0378,2.0028,16.834,122.29,-60
7.4683,30.317,1.2745,9.2941,65,474,1.1516,2.1215,19.554,148.65,-60
6.6777,23.299,1.451,5.9608,74,304,1.1505,1.8513,16.877,109.62,-60
6.1745,26.364,1.2941,8.8824,66,453,1.1074,2.0516,16.16,127.18,-60
6.6876,27.794,1.2157,8.5882,62,438,1.0938,2.0259,16.958,132.7,-60
6.3801,24.157,1.3725,6.6471,70,339,1.1569,2.0759,16.31,116.14,-60
6.3449,23.716,1.098,9.3529,56,477,1.1228,2.2829,16.605,127.92,-60
7.4736,31.072,1.5686,7.4118,80,378,1.2312,1.9306,20.234,151.61,-60
6.797,31.994,1.2157,12.98,62,662,1.1324,2.2913,18.638,180.93,-60
6.9484,29.207,1.3725,5.9608,70,304,1.2386,1.8144,18.718,151.84,-60
6.4944,29.414,1.2941,9.7059,66,495,1.1712,2.203,17.324,143.31,-60
6.5193,25.794,1.1569,7.451,59,380,1.124,2.0931,16.642,128.24,-60
3.9457,13.944,0.58824,1.7059,30,87,0.84062,1.1621,9.8219,58.334,-60
2.1783,5.4793,0.27451,0.66667,14,34,0.60206,0.82173,3.548,13.998,-60
4.9933,6.8998,0.88235,1.1569,45,59,1.2334,1.0952,11.93,18.535,-60
4.0109,6.2362,0.39216,0.68627,20,35,0.67121,0.8451,8.9913,15.98,-60
1.206,3.152,0.078431,0.5098,4,26,0.30103,0.76574,1.578,6.2701,-60
3.0674,5.5901,0.37255,0.84314,19,43,0.77203,1.0106,5.765,13.708,-60
95.872,12.275,61.588,2.9804,3141,152,2.7603,1.6235,731.33,40.88,60
63.078,13.058,29.353,2.8627,1497,146,2.4772,1.6664,474.36,45.421,60
49.87,9.9597,21.608,1.8235,1102,93,2.4088,1.3721,319.73,29.988,60
43.324,9.4558,13.725,1.7647,700,90,2.1988,1.4317,259.88,28.133,60
46.856,8.8967,17.686,1.5882,902,81,2.3195,1.2882,269.3,25.791,60
35.528,8.175,11.941,1.8235,609,93,2.2399,1.4178,208.24,26.027,60
42.278,9.0272,15.118,1.8039,771,92,2.2124,1.3529,236.98,26.232,60
36.916,8.0446,10.412,1.3137,531,67,2.0772,1.0837,200.03,22.477,60
50.406,8.0204,18.843,1.3725,961,70,2.4632,1.1732,285.42,22.088,60
35.416,8.0448,13,1.4314,663,73,2.2179,1.2478,194.22,22.519,60
36.01,7.5755,13.569,1.3922,692,71,2.239,1.1516,215.01,20.94,60
39.525,8.4156,13.02,1.6078,664,82,2.234,1.2312,220.64,24.394,60
29.334,7.4621,10.216,1.3725,521,70,2.1539,1.1569,160.01,20.785,60
39.697,8.0612,11.529,1.4314,588,73,2.1034,1.1061,218.42,22.554,60
37.508,7.7875,15.608,1.8235,796,93,2.2826,1.3542,220.56,22.691,60
37.301,7.4912,9.8039,1.0784,500,55,2.0538,1.0341,211.2,20.958,60
33.481,7.2869,15.49,1.3333,790,68,2.3451,1.222,202.86,19.636,60
40.442,8.4414,10.706,1.5098,546,77,2.0583,1.1928,228.79,23.638,60
40.801,7.6817,15.176,1.3529,774,69,2.3312,1.0923,236.06,21.089,60
43.057,7.219,13.333,1.1569,680,59,2.2121,1.0519,229.1,20.494,60
39.984,7.705,12.98,1.4118,662,72,2.2248,1.1394,216.81,20.972,60
25.82,6.7889,9.1373,1.0784,466,55,2.1129,1.1799,143.28,18.117,60
38.671,7.995,14.216,1.3529,725,69,2.2337,1.1336,229.3,22.532,60
42.616,8.0922,15.118,1.3333,771,68,2.3043,1.2108,252.99,22.784,60
34.536,7.4731,11.608,1.2157,592,62,2.1875,1.1371,194.86,19.54,60
35.301,8.2938,15.275,1.1373,779,58,2.3551,1.1178,203.01,23.149,60
34.795,7.3886,8.1765,0.92157,417,47,1.9719,1.0923,193.08,19.804,60
39.975,8.1505,15.373,1.4902,784,76,2.2753,1.2429,223.98,22.724,60
38.701,7.9169,11.412,1.2549,582,64,2.2222,1.0966,210.83,22.804,60
30.616,7.528,10.784,1.3137,550,67,2.1757,1.1892,152.22,20.997,60
42.742,8.4827,14.353,1.5686,732,80,2.3106,1.2806,234.69,25.065,60
28.119,7.5463,6.2353,1.3529,318,69,1.8703,1.1472,144.85,21.37,60
35.098,8.5771,14.176,1.549,723,79,2.3251,1.2559,187.15,24.608,60
40.739,8.5481,12.725,1.6471,649,84,2.1474,1.4085,221.04,25.623,60
32.64,7.8915,11.098,1.451,566,74,2.1398,1.2579,182.12,22.021,60
27.84,7.2831,9.0196,1.3333,460,68,2.1482,1.2371,143.11,20.999,60
49.121,8.772,19.255,1.3333,982,68,2.3866,1.1228,281.06,24.796,60
34.218,6.9378,12.255,1.2941,625,66,2.2067,1.1439,197.57,18.876,60
38.144,8.6923,11.333,1.6078,578,82,2.2479,1.2443,202.61,25.05,60
33.609,6.9759,13.451,1.3922,686,71,2.3278,1.1382,178.1,19.743,60
33.897,7.7771,9.7843,1.3529,499,69,2.0455,1.1061,199.2,21.619,60
36.576,7.8708,11.804,1.5882,602,81,2.1829,1.191,192.97,21.901,60
44.691,7.9171,15.824,1.4706,807,75,2.3754,1.1114,246.53,21.721,60
41.265,7.7031,16.137,1.4706,823,75,2.3041,1.2378,224.99,21.695,60
40.59,7.9724,13.98,1.4314,713,73,2.2923,1.2727,221.4,22.315,60
36.419,7.4522,11.843,1.4118,604,72,2.2223,1.179,201.34,20.316,60
33.986,7.5846,11.863,1.4706,605,75,2.3035,1.1799,185.54,21.01,60
32.518,7.0628,12.235,1.1961,624,61,2.2291,1.0979,175.77,19.258,60
35.688,7.2977,13.137,1.1176,670,57,2.2985,1.0227,225,19.668,60
43.115,7.8718,19.078,1.4902,973,76,2.4488,1.13,269.43,21.622,60
36.427,7.4481,9.1176,1.3922,465,71,2.0395,1.178,208.49,20.078,60
37.127,7.3955,16.137,1.3922,823,71,2.3131,1.2197,214.65,20.588,60
39.919,7.6895,10.784,1.6275,550,83,2.0606,1.245,222.12,22.271,60
33.743,7.1387,12.02,0.96078,613,49,2.2454,1.0106,184,20.398,60
37.734,8.434,11.725,1.549,598,79,2.2264,1.2859,200.58,24.252,60
29.557,7.4013,11.392,1.3529,581,69,2.274,1.1662,164.17,21.039,60
32.923,7.6868,10.902,1.4902,556,76,2.1467,1.1672,171.73,21.117,60
34.443,7.9639,11.373,1.451,580,74,2.1706,1.1937,186.26,21.997,60
38.446,8.2184,15.333,1.1569,782,59,2.3314,1.0837,214.63,22.911,60
38.57,7.7407,13.471,1.2941,687,66,2.2253,1.1439,225.79,21.312,60
33.787,7.8646,10.588,1.2157,540,62,2.1039,1.2806,183.65,21.219,60
29.93,7.1539,9.1373,1.1961,466,61,2.1181,1.158,160.77,19.872,60
36.539,7.2775,16.353,1.1373,834,58,2.3153,1.0322,225.92,19.666,60
36.262,8.1868,9.098,1.2353,464,63,2.069,1.1621,208.93,23.224,60
31.073,7.8887,14.49,1.5686,739,80,2.3853,1.2657,192.88,22.364,60
34.389,7.9625,10.725,1.1765,547,60,2.0647,1.1127,195.45,22.112,60
32.09,8.5221,7.549,1.4314,385,73,1.9039,1.2228,161.23,23.603,60
35.502,7.2932,13.471,1.1176,687,57,2.2598,1.1981,190.49,20.628,60
34.966,7.0653,11.392,1.0784,581,55,2.2516,0.99782,194.27,19.861,60
38.609,7.6058,11.451,1.1373,584,58,2.1334,1.1827,203.09,20.732,60
33.942,6.9689,15.941,1.1961,813,61,2.396,1.1114,218.44,18.624,60
32.378,8.1099,7.9412,1.4706,405,75,2.0568,1.2464,171.95,23.765,60
27.218,7.4234,9.5882,1.0392,489,53,2.1566,0.99782,141.26,21.613,60
35.779,8.2367,13.608,1.3529,694,69,2.2418,1.2181,203.04,23.736,60
33.599,7.222,9.098,1.2157,464,62,2.1791,1.159,177.95,20.364,60
31.568,7.6246,10.059,1.1176,513,57,2.1162,1.1061,154.72,20.642,60
39.467,8.3195,15.078,1.3725,769,70,2.3048,1.2944,223.72,23.957,60
32.968,7.6519,12.039,1.2745,614,65,2.1932,1.1405,184.76,21.911,60
31.355,7.3709,8.2941,1.1569,423,59,1.9732,1.045,167.44,19.884,60
31.89,7.7173,13.412,1.2157,684,62,2.3154,1.0966,185.62,21.96,60
38.01,7.9402,13.608,1.3333,694,68,2.2876,1.1632,222.7,22.071,60
38.628,7.4061,16.51,1.2157,842,62,2.39,1.0731,232.38,19.986,60
34.905,7.5066,12.314,1.2549,628,64,2.2342,1.1371,215.31,21.261,60
39.348,7.2814,13.529,0.98039,690,50,2.2895,0.98189,220.79,19.72,60
31.152,6.9957,9.9804,1.2549,509,64,2.1601,1.1483,168.93,18.567,60
30.602,7.5847,11.451,1.3137,584,67,2.2314,1.2478,174.04,20.833,60
34.159,8.614,8.4314,1.6275,430,83,2.0694,1.3121,179.16,24.102,60
13.576,6.4163,1.4314,1.098,73,56,1.0715,1.1548,54.499,17.346,60
4.3323,6.6747,0.37255,0.78431,19,40,0.63938,0.8962,11.301,17.62,60
0.66755,5.8409,0.21569,0.78431,11,40,0.5207,1.0043,1.2207,14.179,60
15.101,16.038,4.8039,4.2353,245,216,1.8375,1.6792,65.127,68.633,45
15.425,14.591,2.9216,2.4706,149,126,1.5302,1.3779,63.069,57.147,45
19.352,12.629,5.0392,2.2745,257,116,1.9244,1.415,77.627,41.573,45
13.13,12.607,2.451,1.9412,125,99,1.4967,1.2788,45.106,42.124,45
10.448,12.329,2,2.3137,102,118,1.3442,1.3032,33.452,41.649,45
11.323,11.947,2.3137,1.7059,118,87,1.5421,1.2714,37.851,39.476,45
11.313,10.757,2.0392,2.2353,104,114,1.3247,1.3613,38.16,35.417,45
11.982,11.721,2.0784,2.2353,106,114,1.4647,1.4987,41.488,40.4,45
10.471,11.54,1.4902,1.7843,76,91,1.2356,1.2016,34.148,38.828,45
10.352,12.721,1.549,2.4314,79,124,1.2811,1.4438,32.05,44.23,45
11.718,12.129,2.098,2.2353,107,114,1.3894,1.3207,38.658,40.617,45
12.151,11.658,1.8824,2.1569,96,110,1.3529,1.2817,40.196,38.36,45
12.596,11.939,1.9216,2.2549,98,115,1.2526,1.33,42.494,40.303,45
12.016,11.45,2.1569,1.9412,110,99,1.3304,1.2505,40.761,38.452,45
11.401,12.009,1.9608,2.0784,100,106,1.3862,1.3095,37.803,40.191,45
10.868,12.21,2.0392,2.1961,104,112,1.5203,1.3276,36.318,41.535,45
11.136,11.865,1.5686,2.0784,80,106,1.2498,1.3397,37.424,39.993,45
12.046,11.386,2.1176,2.0588,108,105,1.3884,1.3438,40.33,37.376,45
12.195,11.434,2.3137,2.0196,118,103,1.4207,1.2823,43.087,38.351,45
12.191,11.216,1.9216,1.8235,98,93,1.3147,1.2197,42.206,36.464,45
12.574,11.74,2.1765,2.0392,111,104,1.3402,1.3912,43.015,39.154,45
11.306,11.589,2.0196,1.902,103,97,1.3858,1.2893,38.469,38.783,45
11.044,12.317,1.9216,2.4118,98,123,1.3654,1.3499,36.9,41.828,45
11.009,12.317,1.7843,2.0588,91,105,1.2638,1.4278,35.575,41.692,45
12.394,11.724,2.1176,2.1569,108,110,1.3572,1.4163,41.395,38.749,45
12.208,11.104,2.1176,2.1961,108,112,1.4182,1.3638,41.352,36.895,45
12.741,11.693,2,1.8824,102,96,1.3147,1.2189,43.799,38.532,45
11.017,11.837,1.6078,2.1569,82,110,1.1865,1.3323,35.289,39.555,45
10.688,11.762,2.2157,1.9608,113,100,1.4153,1.2593,34.265,38.993,45
11.121,12.279,1.9216,2.1569,98,110,1.2593,1.2757,35.589,41.27,45
11.542,11.356,2.1176,1.8627,108,95,1.3197,1.2612,38.444,37.71,45
13.377,11.838,2.7059,2.0784,138,106,1.5381,1.301,46.035,38.923,45
12.094,11.441,2.1765,1.8824,111,96,1.33,1.2414,40.986,37.12,45
12.275,11.727,2.3725,2.3725,121,121,1.5116,1.4593,43.255,39.714,45
10.109,12.237,1.6078,2.1176,82,108,1.1461,1.3702,32.728,41.196,45
11.003,12.022,2,1.9608,102,100,1.3694,1.2553,35.939,40.308,45
12.043,12.157,2.6275,2.2157,134,113,1.4065,1.3162,40.526,40.97,45
12.991,11.255,2.7059,1.8824,138,96,1.4569,1.2733,44.933,36.58,45
12.476,11.601,2.4314,1.7843,124,91,1.3941,1.2274,42.945,38.188,45
12.259,10.813,2.0392,1.8431,104,94,1.2829,1.2579,42.253,34.823,45
13.001,11.725,2.6863,2.1765,137,111,1.532,1.369,45.179,38.426,45
11.552,12.117,1.9804,2.2549,101,115,1.3111,1.4278,38.416,40.975,45
11.221,12.118,2.1961,2.098,112,107,1.3237,1.2972,36.156,40.454,45
12.868,11.168,2.8235,1.8627,144,95,1.4781,1.3048,44.403,37.332,45
13.989,11.966,2.8431,1.9608,145,100,1.5479,1.3512,48.273,40.416,45
13.121,11.271,2.6078,1.3725,133,70,1.4447,1.1178,47.674,36.851,45
13.241,11.111,2.7647,1.9608,141,100,1.4407,1.301,46.158,36.382,45
12.974,11.794,2.4314,1.7843,124,91,1.3839,1.3252,44.749,38.927,45
11.053,11.436,1.7647,1.902,90,97,1.2007,1.2407,35.652,37.327,45
11.62,12.263,2.0392,1.9412,104,99,1.3323,1.429,37.947,41.193,45
12.137,11.595,2.6471,1.3725,135,70,1.5451,1.2386,41.667,38.489,45
12.875,11.44,2.8824,2.0392,147,104,1.4778,1.3351,45.421,37.33,45
13.062,11.318,2.1961,1.8627,112,95,1.3613,1.2751,45.002,37.727,45
13.904,11.937,3.1373,1.9216,160,98,1.5903,1.381,50.342,39.567,45
12.957,11.189,1.8824,1.3725,96,70,1.2356,1.1483,44.085,36.132,45
12.115,12.232,2.0392,1.8824,104,96,1.3749,1.3323,39.378,41.3,45
11.361,12.16,2.3333,1.6078,119,82,1.4441,1.2058,37.183,40.644,45
12.629,11.293,2.7647,1.3137,141,67,1.5672,1.0553,43.727,36.301,45
13.531,11.776,2.0784,1.8824,106,96,1.2695,1.3207,48.769,38.398,45
14.331,11.522,2.8431,1.6667,145,85,1.5826,1.2149,50.571,37.825,45
13.004,11.316,2.1765,1.9804,111,101,1.4247,1.329,44.873,37.828,45
11.859,11.944,2.098,1.5882,107,81,1.3111,1.178,39.957,40.625,45
10.883,11.799,1.9216,1.7647,98,90,1.3424,1.2205,35.292,39.662,45
11.619,11.185,2.2353,1.902,114,97,1.363,1.3005,38.968,37.707,45
13.116,11.456,2.1961,1.7255,112,88,1.3177,1.1937,44.495,37.62,45
12.913,11.603,2.3529,2.1765,120,111,1.4071,1.4166,44.43,37.865,45
13.213,12.061,2.4902,2.1569,127,110,1.4524,1.4299,45.938,39.833,45
12.745,11.841,2.549,2.1569,130,110,1.3521,1.2966,43.165,39.444,45
11.472,12.132,1.9804,2.0392,101,104,1.3142,1.3406,37.475,41.837,45
11.981,12.438,2.1961,2.1569,112,110,1.4742,1.3397,38.877,42.52,45
11.755,11.628,2.1373,2.098,109,107,1.287,1.3464,38.234,38.839,45
11.947,11.086,2.2157,1.8235,113,93,1.2893,1.2334,39.829,35.647,45
12.755,12.029,2.6863,2.451,137,125,1.5019,1.3986,43.856,39.432,45
13.156,11.562,2.1765,2,111,102,1.3791,1.291,45.74,38.623,45
11.807,11.377,1.8039,2.098,92,107,1.2429,1.309,39.928,37.018,45
11.522,12.04,2.3333,2.0588,119,105,1.4603,1.2893,37.923,40.548,45
11.492,12.347,2.0392,2.2941,104,117,1.381,1.4,37.785,41.317,45
11.591,11.767,2.098,2.1961,107,112,1.2714,1.3694,38.094,40.884,45
11.97,11.646,2.2549,2.0392,115,104,1.3783,1.2864,40.497,38.309,45
12.859,11.897,2.1765,1.9608,111,100,1.3491,1.2471,45.033,39.327,45
12.615,11.777,2.3529,2.098,120,107,1.3529,1.3491,43.327,38.569,45
11.962,11.56,1.6078,2.5686,82,131,1.1632,1.4845,40.221,38.826,45
11.094,12.421,1.9608,2.0784,100,106,1.3053,1.2841,35.791,43.141,45
11.549,12.711,1.8627,2.4706,95,126,1.3438,1.5017,37.505,43.443,45
11.455,11.76,2.098,2.1373,107,109,1.3745,1.4566,37.442,39.255,45
12.216,11.656,1.9412,1.902,99,97,1.3894,1.2702,40.935,38.158,45
12.38,11.184,2.1176,1.9216,108,98,1.4004,1.2297,42.57,36.963,45
12.671,11.842,1.902,2,97,102,1.3979,1.4044,42.645,38.814,45
11.862,11.807,2.1176,2.1765,108,111,1.4031,1.3958,39.51,39.589,45
10.999,11.907,1.451,2.0196,74,103,1.1074,1.2882,36.324,40.157,45
12.105,11.506,2.1176,2.1961,108,112,1.4381,1.3227,40.493,38.742,45
12.449,12.316,2.1176,2.1176,108,108,1.4238,1.4483,42.114,41.466,45
12.728,11.097,2.1961,2.1569,112,110,1.2933,1.3295,43.559,36.876,45
13.292,11.383,2.2353,1.8824,114,96,1.3504,1.2841,46.359,37.875,45
13.228,11.231,2.2941,1.6471,117,84,1.4075,1.1809,47.28,36.716,45
13.789,11.651,2.8824,2.0784,147,106,1.5458,1.337,49.144,38.766,45
11.43,11.435,1.8235,1.9608,93,100,1.2612,1.2342,37.623,37.776,45
12.794,12.515,2.6667,2.1961,136,112,1.4657,1.3314,44.569,41.627,45
13.008,11.691,2.5098,1.9608,128,100,1.5135,1.2922,44.689,38.425,45
13.196,11.777,2.5294,2.5098,129,128,1.4914,1.5155,47.982,40.749,45
13.461,11.851,2.1176,2.1176,108,108,1.3295,1.2806,47.512,39.343,45
13.868,12.006,2.451,2.1961,125,112,1.3972,1.3976,48.381,39.883,45
12.506,11.64,2.0196,2.1373,103,109,1.3271,1.3365,43.544,38.908,45
11.994,11.939,2.2353,2.2157,114,113,1.3477,1.3212,40.237,39.273,45
11.81,11.27,2.1765,1.7647,111,90,1.4349,1.2414,39.111,37.057,45
13.477,11.861,2.1373,2.1373,109,109,1.3593,1.3222,46.647,39.099,45
13.116,11.186,2.7647,2.1176,141,108,1.5354,1.425,47.543,37.54,45
13.691,11.842,2.2353,1.7843,114,91,1.3486,1.2083,48.52,38.903,45
14.068,11.725,2.6667,2.1961,136,112,1.584,1.3817,49.367,38.037,45
12.097,11.918,2.2941,2.2549,117,115,1.3721,1.3482,41.768,39.846,45
12.301,12.108,2.2549,2.2941,115,117,1.376,1.3101,41.932,40.643,45
11.786,12.466,1.8431,1.9608,94,100,1.2553,1.2606,39.292,41.355,45
13.257,11.552,2.5882,1.9804,132,101,1.4393,1.2788,45.954,38.191,45
13.286,12.022,2.1765,2.2549,111,115,1.3347,1.4114,46.298,40.061,45
12.86,11.554,2.2549,2.1569,115,110,1.3192,1.3137,44.37,37.345,45
12.854,11.819,2.6275,2.0392,134,104,1.5903,1.2988,47.399,39.05,45
11.722,11.752,2.0392,2.4706,104,126,1.3043,1.4017,38.942,39.857,45
9.9199,11.461,1.9412,2.2353,99,114,1.4577,1.3741,32.706,40.116,45
11.239,12.391,1.7255,1.8431,88,94,1.2327,1.222,37.125,41.854,45
12.899,11.814,2.3137,2.1569,118,110,1.4766,1.2829,43.809,39.338,45
11.886,11.508,2.0588,1.8824,105,96,1.3261,1.2817,39.461,38.231,45
12.923,11.811,2.7255,1.9412,139,99,1.4735,1.3111,44.808,39.54,45
12.452,11.566,2.0784,2.1176,106,108,1.2853,1.2579,42.833,38.034,45
11.725,12.216,1.7647,2.3725,90,121,1.4225,1.3887,38.568,41.518,45
11.231,12.72,2.3529,2.1569,120,110,1.4781,1.3662,38.51,42.931,45
10.776,11.786,1.5686,1.8824,80,96,1.1672,1.2817,34.981,39.292,45
12.88,11.731,1.9804,1.9216,101,98,1.3482,1.3424,43.919,38.968,45
13.01,11.261,2.2941,2.1176,117,108,1.3609,1.2864,44.221,37.158,45
12.4,11.251,2.4314,1.7647,124,90,1.4305,1.2282,42.362,36.631,45
11.731,11.196,1.7647,1.7059,90,87,1.3095,1.1702,39.003,36.511,45
11.344,12.47,1.6471,2.098,84,107,1.367,1.388,37.115,41.792,45
10.665,12.121,1.6275,2.2745,83,116,1.2334,1.3927,34.307,40.866,45
11.066,11.657,1.8431,2.098,94,107,1.3486,1.3111,36.804,39.385,45
11.735,11.637,1.5686,1.7843,80,91,1.2498,1.21,39.931,39.157,45
13.42,12.066,2.2157,2.098,113,107,1.3909,1.4204,46.286,40.394,45
13.11,11.487,2.098,2.098,107,107,1.3972,1.3182,45.391,38.037,45
12.805,11.751,2.1373,1.8431,109,94,1.3601,1.2312,43.544,38.579,45
11.052,11.378,1.7647,1.8824,90,96,1.3905,1.2593,36.828,38.258,45
11.779,12.353,2.0392,2.0784,104,106,1.358,1.3217,38.246,41.497,45
11.204,11.799,1.8039,2.4314,92,124,1.2695,1.4058,37.607,40.735,45
11.921,12.005,1.5882,1.8824,81,96,1.2289,1.2829,39.238,40.559,45
13.293,11.903,2.7059,2.2745,138,116,1.4889,1.4488,46.907,40.045,45
13.491,12.311,2.549,2.3137,130,118,1.5367,1.4532,47.468,41.657,45
12.748,11.541,2.2549,2.2157,115,113,1.3894,1.3016,45.127,38.607,45
11.201,11.729,1.451,2.0392,74,104,1.1548,1.301,37.551,39.941,45
11.574,12.646,1.8039,2.6275,92,134,1.2386,1.4606,38.139,43.48,45
12.726,12.084,2.6275,2.098,134,107,1.5285,1.2961,43.626,40.195,45
12.151,11.597,2.4706,2.549,126,130,1.5505,1.5122,41.817,39.353,45
12.527,11.821,1.902,1.7451,97,89,1.2364,1.2393,43.573,39.569,45
12.992,11.462,2.6471,2.0588,135,105,1.4384,1.2823,44.952,37.053,45
13.077,11.292,2.4902,2.2157,127,113,1.4108,1.4556,46.908,37.914,45
12.688,12.073,2.3137,2.1373,118,109,1.3572,1.3005,44.268,40.286,45
11.833,12.024,2.098,2.2941,107,117,1.3059,1.3411,39.748,40.275,45
11.765,12.578,2.3137,2.3725,118,121,1.3504,1.3714,39.569,42.54,45
12.937,11.704,2.7843,2.3922,142,122,1.5439,1.3948,45.476,38.707,45
12.726,11.852,2.2745,1.9608,116,100,1.3147,1.2553,44.257,39.58,45
13.423,11.971,2.6863,2.1569,137,110,1.474,1.3177,48.067,39.951,45
13.192,12.056,2.2549,2.2549,115,115,1.3499,1.3745,46.113,39.87,45
13.343,11.563,2.2745,2.5294,116,129,1.3314,1.4614,46.824,39.125,45
13.122,11.814,2.2353,1.7059,114,87,1.3197,1.2149,45.395,39.341,45
12.228,12.486,2.0196,2.5294,103,129,1.3152,1.4378,40.724,41.286,45
12.223,11.753,2.1373,2.3922,109,122,1.3192,1.3563,40.602,39.04,45
12.429,12.147,2.6667,2.549,136,130,1.4404,1.5825,43.781,42.969,45
12.433,11.799,2.3529,2.0588,120,105,1.3787,1.3121,42.381,40.264,45
13.387,11.906,2.7255,2.3333,139,119,1.5083,1.3625,47.273,39.566,45
13.53,11.308,2.3922,1.7451,122,89,1.3613,1.1742,48.369,37.14,45
13.518,11.912,2.7647,2.7059,141,138,1.4863,1.5017,47.581,40.402,45
12.112,12.388,2.1373,2.1176,109,108,1.3567,1.2955,43.306,43.557,45
12.401,12.212,2.2745,2.1569,116,110,1.3646,1.4398,42.363,41.225,45
12.268,12.074,2.5882,1.7843,132,91,1.4328,1.3347,42.198,40.401,45
12.617,11.187,2.3333,1.902,119,97,1.2994,1.2289,43.117,36.337,45
13.342,12.12,3.0784,2.549,157,130,1.5738,1.5073,48.074,42.142,45
13.304,11.592,3.1961,2.0784,163,106,1.6358,1.3074,47.799,38.621,45
14.371,11.527,2.8824,2.2941,147,117,1.5062,1.4485,54.89,38.631,45
13.344,11.74,2.098,1.8824,107,96,1.2835,1.2297,47.05,40.254,45
11.389,12.04,2.1569,1.6275,110,83,1.4098,1.178,37.608,39.704,45
12.171,12.168,2.3333,2.1569,119,110,1.4253,1.3424,41.418,41.148,45
12.535,11.684,2.8235,2.5882,144,132,1.5064,1.4483,43.008,40.022,45
12.396,11.502,2.3725,1.9804,121,101,1.33,1.2994,44.625,38.596,45
12.989,11.893,2.3725,2.1765,121,111,1.3491,1.328,44.663,39.178,45
13.094,12.098,2.451,2.4314,125,124,1.3584,1.5231,44.897,40.978,45
12.653,11.667,2.3529,2.0392,120,104,1.3718,1.2769,43.569,39.314,45
11.24,11.593,1.9804,1.7451,101,89,1.421,1.3601,37.133,38.849,45
11.401,12.294,2.0784,2.2745,106,116,1.3304,1.3451,36.975,40.997,45
12.278,12.356,3,2.6667,153,136,1.5358,1.4776,42.349,41.892,45
12.511,11.705,2.0784,1.6471,106,84,1.3032,1.2512,43.833,39.425,45
13.21,11.923,2.5294,2.4314,129,124,1.4014,1.413,45.397,39.836,45
12.585,11.774,3.1176,2.2157,159,113,1.5591,1.3993,45.702,40.177,45
12.639,11.567,2.098,2.0392,107,104,1.3729,1.24,44.599,38.215,45
11.798,12.475,2.1373,2.0784,109,106,1.33,1.4432,39.21,41.678,45
11.507,12.022,2.0784,2.2157,106,113,1.2999,1.4204,38.122,40.342,45
11.741,11.392,1.7255,2.4314,88,124,1.2024,1.3756,39.19,38.194,45
12.481,12.067,2.5294,2.3137,129,118,1.3902,1.3227,42.886,41.355,45
13.349,11.698,2.5294,2,129,102,1.4764,1.3563,46.912,38.816,45
12.802,11.425,2.5686,2.2745,131,116,1.4108,1.358,44.597,37.636,45
13.414,11.695,2.6863,2,137,102,1.4108,1.2695,48.07,38.824,45
13.091,11.521,2.1961,2.1176,112,108,1.2899,1.3442,45.178,38.374,45
12.636,11.662,2.2353,2.2353,114,114,1.4532,1.3237,42.384,39.164,45
11.563,11.959,2.1765,2.2941,111,117,1.4241,1.3753,38.967,41.241,45
11.644,11.256,2.2157,1.6275,113,83,1.2994,1.1874,39.64,37.837,45
13.793,11.405,2.7647,2.2157,141,113,1.5141,1.3374,48.735,38.14,45
13.831,11.157,2.3725,1.7843,121,91,1.3737,1.1818,48.857,36.489,45
13.967,10.916,2.098,1.7843,107,91,1.3162,1.2421,49.466,35.508,45
13.885,12.055,2.2549,2.3922,115,122,1.3979,1.4078,49.696,40.974,45
11.766,11.745,1.6863,2.1569,86,110,1.1865,1.3605,38.878,39.525,45
12.037,12.04,2.0588,2.0392,105,104,1.33,1.363,39.899,40.769,45
12.421,11.353,2.0392,1.7843,104,91,1.2619,1.2149,42.72,38.847,45
13.763,11.146,2.9216,2.1176,149,108,1.4619,1.3085,49.354,36.018,45
15.01,9.4562,2.6667,1.451,136,74,1.392,1.2092,54.598,29.209,45
13.853,9.6128,2.0588,1.451,105,74,1.2612,1.2007,48.356,28.877,45
14.933,10.478,2.6275,1.8824,134,96,1.4375,1.3053,54.262,33.515,45
13.308,9.6495,2.2549,1.3725,115,70,1.3365,1.2092,46.856,29.25,45
8.4151,5.8243,1.4314,0.98039,73,50,1.158,1.1203,26.079,16.085,45
15.715,9.9966,3.1569,1.6471,161,84,1.4798,1.2485,57.684,29.659,-45
14.461,7.757,2.4706,1.0392,126,53,1.4058,1.0519,51.543,21.287,-45
14.554,7.2114,2.6078,1.1373,133,58,1.4378,1.1483,53.644,19.011,-45
11.866,5.2665,2.0392,0.7451,104,38,1.3227,0.96725,40.188,12.33,-45
12.766,5.1015,2.6471,1.0784,135,55,1.4932,1.1114,45.025,13.516,-45
13.197,6.4533,2,0.82353,102,42,1.2526,0.91625,46.528,16.973,-45
13.756,6.3862,2.5686,1.0588,131,54,1.529,1.1505,48.191,15.834,-45
14.392,7.0297,2.9216,1.3725,149,70,1.5165,1.24,51.276,18.199,-45
13.221,5.6316,2.0784,1,106,51,1.2745,1.0341,45.888,13.772,-45
13.565,5.7443,2.4902,0.92157,127,47,1.3534,0.93753,47.142,14.347,-45
13.198,6.1745,2.2745,0.84314,116,43,1.336,1.0064,45.951,15.392,-45
12.543,6.0613,2.2941,1.1373,117,58,1.4745,1.2498,44.84,16.215,-45
12.573,5.7105,2.1176,0.62745,108,32,1.2988,0.83138,44.017,14.027,-45
13.524,6.391,2.4118,1.0196,123,52,1.4835,1.0668,46.643,15.637,-45
13,6.1516,2.2745,1.0392,116,53,1.2955,1.119,44.531,15.085,-45
13.096,6.0648,2.3922,0.86275,122,44,1.3764,0.98189,45.82,14.975,-45
12.785,5.9204,2.4706,0.96078,126,49,1.4637,1.1799,45.24,14.754,-45
12.928,6.4048,2.1765,1.1373,111,58,1.4061,1.2312,45.361,16.999,-45
12.902,6.1932,2.451,0.92157,125,47,1.454,1.1061,45.592,15.458,-45
12.933,6.2208,2.0196,0.86275,103,44,1.2714,1,45.241,15.739,-45
13.462,7.2029,2.5098,1.2941,128,66,1.3862,1.2876,46.976,19.218,-45
13.501,6.1337,2.3137,1,118,51,1.3646,1.1034,46.831,15.132,-45
12.867,5.013,2.3922,0.70588,122,36,1.2988,1.0396,44.358,12.253,-45
13.557,7.0946,2.4902,1.1765,127,60,1.4028,1.2342,48.123,18.996,-45
14.02,6.4138,2.5882,1.3137,132,67,1.4017,1.1855,49.914,16.339,-45
13.503,5.8384,2.5686,1.0784,131,55,1.3791,1.158,46.972,15.208,-45
12.345,5.4841,2.0784,0.60784,106,31,1.2312,0.82661,42.783,13.996,-45
13.23,6.0305,2.4706,0.92157,126,47,1.451,1.0485,46.287,14.814,-45
12.694,5.3854,2.2549,0.94118,115,48,1.3593,1.0822,44.491,13.406,-45
13.194,5.8269,2.0784,0.68627,106,35,1.2955,0.83605,45.865,14.436,-45
13.569,6.2014,2.549,0.90196,130,46,1.4305,1.0761,48.622,15.446,-45
13.497,6.0081,2.1961,0.84314,112,43,1.3032,0.99339,47.836,14.754,-45
13.209,5.4911,2.1765,0.86275,111,44,1.2859,1.0502,46.637,13.122,-45
13.487,6.0433,2.5686,0.94118,131,48,1.3887,1.1178,47.519,14.863,-45
13.483,5.9863,2.5882,0.84314,132,43,1.451,0.96471,47.617,14.732,-45
13.381,5.5218,2.1569,0.82353,110,42,1.2988,0.88171,47.221,12.927,-45
13.137,6.9865,2.2353,1.4706,114,75,1.3157,1.3902,46.067,19.271,-45
13.367,6.402,2.3922,0.90196,122,46,1.3694,1.1371,46.418,16.244,-45
12.679,5.1586,2.3922,0.94118,122,48,1.3433,1.1127,43.841,12.61,-45
13.273,5.4654,2.7059,0.72549,138,37,1.3876,0.83605,46.996,12.639,-45
13.581,7.0275,2.3725,1.3922,121,71,1.3411,1.2972,48.484,18.919,-45
13.616,5.6703,2.4706,0.98039,126,50,1.4564,1.0938,47.904,13.985,-45
13.229,5.9359,2.1765,0.98039,111,50,1.3027,0.92867,46.781,14.396,-45
13.82,6.0617,2.549,1.1373,130,58,1.4786,1.1751,51.205,15.619,-45
13.952,7.5245,2.8431,1.4902,145,76,1.4469,1.4672,49.338,20.973,-45
13.463,6.1126,2.2157,1.1373,113,58,1.2835,1.2414,47.535,16.387,-45
13.071,5.4916,2.2549,0.70588,115,36,1.3016,0.858,45.048,13.606,-45
13.101,6.1391,1.9412,1.0588,99,54,1.2727,1.1324,45.391,14.921,-45
12.674,6.1998,2.1176,1.549,108,79,1.399,1.4178,45.909,18.18,-45
12.997,5.8274,2.1569,0.76471,110,39,1.2955,0.88543,44.827,14.724,-45
13.798,6.3564,2.5294,1.1961,129,61,1.4314,1.1855,48.01,15.734,-45
13.839,6.5022,2.4118,1.2157,123,62,1.3584,1.1324,49.696,16.796,-45
13.976,6.2314,2.1765,1.0784,111,55,1.2763,1.1034,49.505,15.546,-45
14.261,6.0045,2.549,1.1176,130,57,1.533,1.1087,52.622,14.934,-45
13.801,6.363,2.4314,1.098,124,56,1.4866,1.2058,48.904,15.595,-45
13.597,5.9331,2.3922,1.1176,122,57,1.3854,1.1892,49.179,15.233,-45
13.997,6.1682,2.098,1.0784,107,55,1.2533,1.0106,51.04,15.467,-45
14.074,6.1173,2.3333,1.0588,119,54,1.471,1.0668,50.114,15.2,-45
14.613,6.2368,2.5882,1.1961,132,61,1.5077,1.1621,52.434,15.497,-45
13.599,5.7255,2.1373,1.0392,109,53,1.3337,1.0064,48.731,14.216,-45
13.263,5.4663,1.9608,1,100,51,1.291,0.96471,46.41,12.885,-45
13.748,6.6035,2.2745,1.2157,116,62,1.3597,1.2566,47.976,16.7,-45
14.767,5.9562,2.6471,1.098,135,56,1.454,1.088,53.684,14.509,-45
13.988,5.6293,2.3725,0.82353,121,42,1.3783,0.91625,49.96,13.632,-45
14.229,6.1523,2.4118,1.0392,123,53,1.471,1.0187,51.831,14.989,-45
14.588,6.0076,2.3922,1.0196,122,52,1.4268,1.0127,52.388,14.869,-45
14.148,6.3281,2.8627,1.2745,146,65,1.4819,1.1742,51.839,16.005,-45
13.984,6.3596,2.098,1.098,107,56,1.2573,1.0536,49.857,16.472,-45
13.761,7.0907,2.6078,1.3333,133,68,1.4491,1.3891,49.125,18.744,-45
14.091,6.1077,2.5098,1.2157,128,62,1.4752,1.1827,51.218,15.852,-45
14.362,5.9506,2.3922,0.92157,122,47,1.336,0.94881,51.783,14.935,-45
13.802,5.7807,2,1,102,51,1.2999,1.0106,49.771,14.595,-45
13.438,5.4378,2.5294,1,129,51,1.3851,1.178,47.894,13.547,-45
14.411,6.1496,2.4118,1.0392,123,53,1.4253,1.0715,51.842,15.746,-45
13.321,5.7266,2.5294,0.98039,129,50,1.376,0.94041,47.621,13.987,-45
14.091,6.4188,2.6275,1.3529,134,69,1.4515,1.3271,51.748,18.275,-45
13.904,7.0876,2.6667,1.4706,136,75,1.4667,1.3584,50.503,18.599,-45
13.939,6.8269,2.549,1.549,130,79,1.3741,1.3843,50.379,18.861,-45
13.927,5.8382,1.9412,0.82353,99,42,1.2599,0.93462,50.245,14.328,-45
13.371,5.3249,2.3137,0.88235,118,45,1.4024,0.94325,47.965,12.725,-45
13.842,6.7385,2.2745,1.3725,116,70,1.4024,1.2251,49.307,17.423,-45
13.125,6.1465,1.7843,1.5882,91,81,1.21,1.4826,46.187,19.151,-45
13.35,6.037,1.8235,0.96078,93,49,1.2378,0.97952,46.356,15.493,-45
13.692,5.9869,2.4314,1.2941,124,66,1.4017,1.2173,48.147,14.582,-45
14.009,6.3837,2.1569,1.1961,110,61,1.3725,1.0807,50.751,16.151,-45
13.147,6.5368,1.7451,1.2353,89,63,1.1946,1.1382,45.829,16.473,-45
13.544,5.7369,2.2157,0.96078,113,49,1.3666,1.0746,48.669,14.85,-45
14.1,6.1968,2.6471,1.2353,135,63,1.5244,1.2116,50.341,15.664,-45
13.242,5.7298,2.5686,1.1176,131,57,1.4949,1.2927,48.887,15.475,-45
14.062,6.5035,2.1765,1.0196,111,52,1.3753,0.95691,50.816,16.901,-45
14.629,7.4597,2.549,1.4902,130,76,1.5425,1.4098,52.273,20.001,-45
14.522,6.845,2.9216,1.2353,149,63,1.4675,1.2573,52.651,18.685,-45
13.682,6.0263,2.6667,0.84314,136,43,1.4438,0.95424,48.495,14.919,-45
13.406,6.4321,2.1765,1.2157,111,62,1.3162,1.3116,47.385,17.539,-45
13.486,6.9363,2.5098,1.4706,128,75,1.3847,1.4588,48.126,19.097,-45
13.163,6.2109,2.4314,1.1765,124,60,1.4038,1.2769,47.185,16.961,-45
12.992,5.6086,2.1765,0.7451,111,38,1.2972,0.92255,45.667,13.949,-45
13.79,6.6443,2.3529,1.2157,120,62,1.4819,1.159,48.522,16.939,-45
13.472,6.5642,2.451,1.2549,125,64,1.3972,1.2745,47.209,17.027,-45
13.277,6.0189,2.5686,0.88235,131,45,1.4296,0.9747,46.321,14.72,-45
13.162,6.0495,2.1176,0.78431,108,40,1.24,0.97224,47.022,15.446,-45
14.235,6.6948,2.8235,1.0392,144,53,1.4143,1.0715,50.72,16.753,-45
13.935,6.1145,2.6863,1.0784,137,55,1.4918,1.1428,50.363,16.072,-45
13.58,6.3715,2.0588,0.72549,105,37,1.2304,0.90646,48.163,16.517,-45
13.915,6.3756,2.3725,1.098,121,56,1.4821,1.2251,48.547,15.788,-45
12.785,6.2083,2.2549,1.2157,115,62,1.3048,1.2566,44.013,16.479,-45
13.409,6.096,2.2941,0.84314,117,43,1.3202,0.91942,46.596,15.115,-45
12.924,6.3982,2.2353,1.2549,114,64,1.371,1.2205,45.629,17.359,-45
13.375,6.4969,2.3725,1.2353,121,63,1.308,1.2289,46.524,16.679,-45
13.125,6.0209,2.2941,1.3137,117,67,1.4007,1.3037,47.093,17.339,-45
13.696,6.3886,2.098,1.098,107,56,1.287,0.99114,48.168,16.14,-45
14.113,7.2682,2.6078,1.4314,133,73,1.4556,1.3402,50.792,19.605,-45
13.025,5.8241,2.1765,1.0784,111,55,1.4075,1.1264,45.946,14.607,-45
13.551,6.6611,1.9216,1.3529,98,69,1.3285,1.3222,47.75,19.148,-45
13.597,6.6591,1.9804,0.98039,101,50,1.2492,1.0396,47.668,16.966,-45
13.93,5.9697,2.6471,1.1373,135,58,1.4895,1.0938,50.313,15.169,-45
13.859,5.9396,2.3922,1.0392,122,53,1.4762,1.1288,49.094,14.475,-45
13.985,6.577,1.902,1.2745,97,65,1.2599,1.178,50.23,16.733,-45
13.684,6.3929,2.2353,1.3529,114,69,1.3597,1.3242,48.684,17.791,-45
13.958,6.5873,2.1373,1.3137,109,67,1.3666,1.2334,49.744,16.686,-45
13.398,5.6557,1.8627,1.0784,95,55,1.2436,1.1837,47.34,13.748,-45
13.732,6.1415,2.6471,1.0784,135,55,1.4191,1.0147,50.52,16.272,-45
14.235,5.779,2.5098,0.96078,128,49,1.5098,0.99782,51.221,13.99,-45
13.998,6.4345,2.7451,1.2941,140,66,1.451,1.2695,51.651,17.204,-45
13.656,6.1699,1.9804,0.98039,101,50,1.2559,0.98656,49.015,15.652,-45
13.816,5.867,2.3137,0.92157,118,47,1.3442,0.99339,48.986,14.447,-45
13.898,6.1093,2.6667,1.4706,136,75,1.4004,1.3172,50.125,17.25,-45
14.001,5.89,2.7059,1.0196,138,52,1.3678,0.95691,50.479,14.933,-45
14.832,6.3865,2.8824,1.098,147,56,1.5116,1.1439,53.706,15.772,-45
13.822,6.439,2.5882,1.3137,132,67,1.3495,1.1928,49.107,16.378,-45
13.989,6.2762,2.6667,1.3333,136,68,1.4842,1.2955,50.277,16.332,-45
13.945,6.6955,2.1961,1.1765,112,60,1.2593,1.0467,50.089,18.314,-45
14.707,6.1946,2.9216,0.86275,149,44,1.4891,0.94605,52.89,15.103,-45
14.003,6.5346,2.7059,1.5098,138,77,1.3934,1.3525,51.203,20.199,-45
13.961,6.3274,2.098,0.88235,107,45,1.2676,0.92563,49.989,17.19,-45
14.51,6.9464,2.7843,1.1373,142,58,1.4427,1.2733,52.714,17.687,-45
13.914,5.6876,2.1961,0.88235,112,45,1.3521,0.95424,49.389,13.758,-45
13.966,5.8099,2.7843,1.2745,142,65,1.4188,1.3438,50.596,16.349,-45
14.556,6.8908,2.8824,0.88235,147,45,1.4241,0.99782,53.066,18.596,-45
14.674,6.2261,2.9216,1.0784,149,55,1.5317,1.0807,52.922,16.232,-45
14.362,6.9806,2.6667,1.4314,136,73,1.5277,1.1761,52.305,18.822,-45
14.242,5.9387,2.5882,0.86275,132,44,1.371,0.95691,51.142,14.952,-45
14.341,7.6766,2.6471,1.549,135,79,1.4882,1.4572,51.109,21.159,-45
14.445,6.4126,2.6667,1.1765,136,60,1.4194,1.0909,51.408,15.887,-45
13.808,6.2498,2.7647,1.2157,141,62,1.3909,1.1937,49.613,15.795,-45
14.709,6.4118,2.902,1.2549,148,64,1.4893,1.2058,54.045,16.197,-45
14.636,6.6921,2.902,1.1961,148,61,1.4449,1.1682,52.976,17.544,-45
14.244,6.0147,2.6078,0.98039,133,50,1.388,0.97224,52.33,14.696,-45
13.194,5.5661,2.2157,1.0588,113,54,1.3714,1.1348,46.387,13.094,-45
14.713,7.4234,2.5882,1.451,132,74,1.3702,1.2058,52.065,19.279,-45
14.194,6.0829,2.2745,1.1765,116,60,1.3741,1.0993,50.335,14.654,-45
13.848,6.1112,2.2941,0.98039,117,50,1.3069,1.0938,49.416,15.251,-45
14.451,5.8061,2.3922,0.92157,122,47,1.3477,0.93753,52.267,13.753,-45
14.728,6.249,2.5686,1,131,51,1.4695,1.1288,54.589,15.7,-45
14.232,5.9152,2.4314,1.2549,124,64,1.3912,1.3116,52.335,15.707,-45
14.074,6.0212,1.9804,0.86275,101,44,1.2464,0.97224,50.812,16.641,-45
14.553,7.0488,2.451,1.3137,125,67,1.3916,1.3182,53.001,18.274,-45
14.604,6.3762,2.4706,1.1373,126,58,1.4569,1.1692,53.446,16.067,-45
14.445,5.998,2.5294,1.2941,129,66,1.3851,1.2236,51.378,15.169,-45
14.341,6.1152,2.451,0.90196,125,46,1.3584,0.92867,52.593,15.749,-45
15.833,6.4367,2.8039,1.1373,143,58,1.4619,1.0966,57.605,16.035,-45
14.239,6.3028,2.5294,1.2941,129,66,1.4153,1.222,52.25,16.448,-45
14.284,6.1265,2.5294,0.92157,129,47,1.3737,1.0265,51.495,14.894,-45
14.162,6.1169,2.8824,1.0196,147,52,1.4435,1.0085,52.536,15.057,-45
15.079,7.1345,2.8627,1.2745,146,65,1.4683,1.119,56.3,19.014,-45
13.877,7.9583,2.7451,1.3137,140,67,1.4786,1.2083,48.324,21.678,-45
11.919,7.1616,1.8824,1.3137,96,67,1.2485,1.1087,40.716,18.916,-45
9.0537,5.756,1.3725,0.80392,70,41,1.1692,0.93753,27.195,14.69,-45
5.6762,1.1734,1.1961,0.17647,61,9,1.2349,0.47712,15.087,1.9504,-45
